代码,名称,池,行业,PE,ROE,毛利率,净利率,负债率,市值(亿),营收增速,理由
000001.SZ,平安银行,大市值,银行,5.043,10.608,,41.1685,90.983,2171.5,4.6516,平安银行：银行股金融豁免，ROE年化10.6%达标(>8%)，PE_TTM仅5.04倍处历史低位，营收增速4.65%，净利率41.2%。PB约0.5倍，股息稳健，估值明显低估+盈利质量稳定=PASS
000333.SZ,美的集团,大市值,家用电器,14.3836,22.2592,25.5711,9.809,60.0182,6357.2,2.5501,美的集团：家电龙头白马，ROE年化22.26%优秀，PE_TTM 14.38倍明显低估(ROE22%/PE14组合佳)，毛利率25.6%净利率9.8%稳健，负债率60%含合同负债可控，营收增速2.55%放缓但盈利质量高，全球化+机器人第二曲
000429.SZ,粤高速A,大市值,路桥,19.3916,15.968,68.2196,58.0669,48.0381,309.4,2.6793,粤高速A高速公路，市值309亿。ROE(年)15.97%稳健，毛利率68.22%净利率58.07%(高折旧类公用事业常态)，营收增速2.68%低速但稳定，现金奶牛属性强。负债率48.04%属路桥行业正常水平，经营现金流优于净利润。PE(TT
000538.SZ,云南白药,大市值,中成药,17.2311,19.842,30.6331,17.5011,25.3069,905.7,7.0228,中药消费龙头，市值906亿。ROE(年)19.84%优秀，负债率仅25.31%财务极稳健，净利率17.5%。毛利率30.63%因含低毛利商业分销业务结构性偏低，品牌核心业务(白药系列+牙膏)实际盈利能力强。PE(TTM)17.23对品牌中药
000544.SZ,中原环保,小盘,环境保护,6.7449,12.3532,60.1638,30.7872,73.0142,71.7,1.7442,PE 6.7倍+毛利60%+净利31%明显低估，区域水务公用事业，负债率73%偏高营收停滞
000567.SZ,海德股份,大市值,多元金融,17.0958,28.8776,99.405,77.0979,40.2884,121.0,147.8126,AMC不良资产管理，市值121亿。金融豁免处理：ROE(年)28.88%远超8%门槛优秀，营收增速147.81%爆发(不良资产处置业务扩张)，PE(TTM)17.10对应高ROE+高增速显便宜，毛利率99.4%净利率77.1%为金融行业特性
000598.SZ,兴蓉环境,大市值,水务,10.4939,10.5556,46.5399,25.9054,57.6447,212.5,3.1527,成都水务公用事业，市值212亿。PE(TTM)10.49便宜，区域特许经营垄断护城河，毛利率46.54%净利率25.91%稳定。ROE(年)10.56%公用事业正常水平，营收增速3.15%低速但极稳，负债率57.64%为水务资本开支特性。稳
000612.SZ,焦作万方,大市值,铝,9.6519,27.428,36.437,29.0745,15.0299,137.1,18.4857,"焦作万方(铝): 周期制造适配。ROE年化27.4%优秀、毛利36.4%、净利29.1%高、负债率15.0%极低、营收+18.5%稳增。PE 9.65显著低估(ROE27%/PE<10),市值验证通过(137.1亿/偏差0.02%)。电解铝"
000651.SZ,格力电器,大市值,家用电器,7.6974,16.3304,27.4158,14.1945,59.1541,2246.2,3.5157,空调绝对龙头，市值2246亿。PE(TTM)7.70处历史低位明显低估，ROE(年)16.33%良好，毛利率27.42%净利率14.19%。负债率59.15%看似高但主要为经销商返利/预提经营性负债，有息负债低现金充足，财务真实稳健。营收增
000680.SZ,山推股份,大市值,工程机械,13.2306,21.2248,20.9979,8.488,66.2556,167.9,20.106,推土机全球龙头，市值168亿。ROE(年)21.22%为工程机械板块最优，营收增速20.11%中速增长(出口一带一路驱动)，PE(TTM)13.23合理，毛利率21%净利率8.49%行业常态。隐忧：负债率66.26%偏高(行业融资租赁特性)
000682.SZ,东方电子,大市值,电气设备,15.9151,15.6364,30.4499,14.6565,52.8068,163.4,8.0511,电力自动化/智能电网，市值163亿。ROE(年)15.64%良好，毛利率30.45%净利率14.66%(电力自动化软件占比高)，PE(TTM)15.92合理。营收增速8.05%稳健，受益电网投资与新能源并网需求。负债率52.81%中等。电网
000685.SZ,中山公用,大市值,水务,7.5084,12.3044,27.7779,58.9077,46.8136,162.0,2.9482,中山公用，水务+金融股权，市值162亿。PE(TTM)7.51极低，ROE(年)12.30%稳健，净利率58.91%含广发证券等金融投资收益贡献(公司持有券商/农商行股权)。负债率46.81%中等，营收增速2.95%低速稳定。区域水务特许经
000686.SZ,东北证券,大市值,证券,11.3677,8.0484,,31.7157,83.4177,188.6,34.8006,中小券商，市值189亿。金融豁免处理：ROE(年)8.05%刚达标门槛(头部券商10%+)，营收增速34.80%显示市场回暖业绩弹性，PE(TTM)11.37对应PB约0.9倍不贵，净利率31.72%。负债率83.42%为券商客户保证金特性
000690.SZ,宝新能源,大市值,火力发电,10.0933,9.5844,23.4015,14.764,40.2943,104.4,5.9775,广东民营火电，市值104亿。PE(TTM)10.09便宜，ROE(年)9.58%尚可，毛利率23.4%净利率14.76%(煤价回落盈利改善)，营收增速5.98%稳定。负债率40.29%低于火电行业平均，财务稳健。区域电力供应地位+低成本煤源
000783.SZ,长江证券,大市值,证券,11.894,14.028,,44.1917,78.7084,499.9,34.6466,中大型券商(华中龙头)，市值500亿。金融豁免处理：ROE(年)14.03%良好(远超8%门槛，优于多数中小券商)，营收增速34.65%市场回暖业绩弹性佳，PE(TTM)11.89对应PB约1.7倍合理，净利率44.19%。负债率78.71
000791.SZ,甘肃能源,大市值,水力发电,12.3199,12.7352,43.0367,32.0818,50.6968,253.7,6.9431,甘肃水电+新能源，市值254亿。PE(TTM)12.32便宜，ROE(年)12.74%尚可，毛利率43.04%净利率32.08%水电特性优异，营收增速6.94%稳定，叠加新能源装机成长。负债率50.70%中等。水电资源稀缺护城河+风光增量，
000792.SZ,盐湖股份,大市值,农药化肥,14.7754,27.0076,68.7225,54.256,15.8486,1524.0,94.892,"盐湖股份(农药化肥/钾锂双龙头): ROE年化27.0%优秀、毛利68.7%、净利54.3%极高、负债率15.8%低、营收+94.9%(钾锂景气)。PE 14.8相对高盈利合理偏低估,市值验证通过(1524亿/偏差0.01%)。察尔汗盐湖资"
000807.SZ,云铝股份,大市值,铝,10.8391,42.5488,31.5743,25.3043,17.7381,940.9,13.6841,水电电解铝龙头，市值941亿。ROE(年)42.55%极高，毛利率31.57%净利率25.3%(绿电电价成本优势)，PE(TTM)10.84便宜，负债率仅17.74%电解铝行业罕见极优。营收增速13.68%稳健(绿电+产能指标稀缺护城河)。
000833.SZ,粤桂股份,大市值,综合类,28.0214,21.3176,35.4234,21.9941,43.8319,162.2,43.1743,综合类(制糖+亚洲最大硫铁矿+战略矿产布局)，市值162亿。ROE(年)21.32%良好，营收增速43.17%中高速，毛利率35.42%净利率22%，负债率43.83%中等。PE(TTM)28.02偏贵，业务较分散综合类透明度一般。ROE与
000848.SZ,承德露露,大市值,软饮料,13.5827,27.598,49.3245,21.8073,31.6502,89.7,13.7278,承德露露：软饮料品牌(露露杏仁露)细分龙头，ROE27.6%高且稳定，毛利率49.3%/净利率21.8%，负债率31.7%低，现金流充沛。PE13.6倍显著低于ROE水平，PEG<1估值被低估；营收增速13.7%稳健。回购+股权激励2条彰显
000858.SZ,五粮液,大市值,白酒,23.1374,26.0164,81.4344,36.447,34.3133,2915.5,33.667,白酒第二龙头，市值2916亿。ROE(年)26.02%优秀，毛利率81.43%净利率36.45%白酒顶级水平，营收增速33.67%稳健。PE(TTM)23.14对应增速PEG约0.7明显偏低，负债率34.31%低。品牌+工艺+渠道护城河深厚
000885.SZ,城发环境,大市值,环境保护,6.4643,13.0336,41.7076,21.0725,66.7089,82.6,5.8524,河南固废处理/垃圾焚烧发电，市值83亿。PE(TTM)6.46极低，ROE(年)13.03%尚可，毛利率41.71%净利率21.07%(运营期盈利释放)，营收增速5.85%稳定。负债率66.71%偏高为垃圾焚烧重资产特性，投运后现金流改善。
000893.SZ,亚钾国际,大市值,农药化肥,24.4785,15.63,57.3642,35.8485,32.5255,445.7,22.7045,老挝钾肥矿(战略资源+产能扩张期)，市值446亿。ROE(年)15.63%尚可，毛利率57.36%净利率35.85%资源型高盈利，营收增速22.70%受益产能投放，负债率32.53%低。PE(TTM)24.48略偏高但成长性支撑。钾肥资源稀
000895.SZ,双汇发展,大市值,食品,15.9887,23.476,19.7026,8.9754,47.4843,840.9,1.9592,肉制品龙头(双汇)，市值841亿。ROE(年)23.48%优秀，高分红收息属性强，PE(TTM)15.99合理。毛利率19.7%偏低因含低毛利屠宰业务结构性拉低，净利率8.98%。营收增速1.96%停滞(成熟消费品)。品牌+渠道+规模护城河
000899.SZ,赣能股份,大市值,火力发电,10.4901,12.3376,17.4943,11.365,63.3306,106.5,52.4374,赣能股份：火力发电，PE 10.49低估值+ROE年化12.34%+营收增速52.4%，火电中增速突出。净利率11.4%尚可，负债率63.3%偏高但属火电常态。冷信息显示股东户数+61.6%筹码分散、有重组公告需关注，但环比下滑属季度波动。
000902.SZ,新洋丰,大市值,农药化肥,10.5328,16.4488,18.0102,9.3374,39.8029,168.1,17.8177,磷复肥龙头。PE 10.53/市值168亿，ROE年化16.45%优秀，营收增速17.8%稳健，负债率39.8%健康，毛利18%符合制造业常态。低估值+高ROE+稳定增长，明显低估，PASS。
000933.SZ,神火股份,大市值,铝,8.7676,36.6064,36.1731,24.5155,42.3153,603.4,21.3544,神火股份：电解铝+煤炭双主业，ROE36.6%高位但电解铝有供给侧产能天花板逻辑，盈利中枢较传统周期股上移。毛利率36.2%/净利率24.5%优秀，负债率42.3%适中。PE8.8倍显著低估，营收增速21.4%稳健，财务无显著突变。股权激励
000963.SZ,华东医药,大市值,化学制药,14.5184,15.8624,33.9431,8.9164,34.6304,508.4,4.1698,华东医药：化学制药，市值508亿。PE14.5偏低+ROE15.9%优秀+负债率34.6%稳健，估值相对基本面合理偏低。医药板块毛利33.9%偏低系商业配送业务拖累，主业创新药+医美(少女针)有护城河。注意：单季经营现金流为负-8.5亿，营
000975.SZ,山金国际,大市值,黄金,19.8973,35.7892,40.6678,26.006,22.6432,730.6,37.4084,山金国际：黄金矿企，市值731亿。ROE年度35.8%极优秀+负债率22.6%低+营收增速37.4%高增，PE19.9对应PEG约0.5，估值与成长匹配。黄金行业看股息率/ROE/负债，三项均优；公告含业绩预增+回购托底。注意周期属性：金价
000999.SZ,华润三九,大市值,中成药,12.9608,18.9504,57.6796,14.8763,31.7612,418.2,18.6204,华润三九：央企中药OTC龙头(999感冒灵等)，ROE19%稳健，毛利率57.7%，负债率31.8%低。PE13.0倍对应营收增速18.6%PEG约0.7，明显低估；营收增速18.6%稳定增长。应收/营收1.01需关注但属中成药行业账期常态
001221.SZ,悍高集团,大市值,家居用品,22.6123,17.848,36.2272,18.2406,23.3373,162.0,12.5383,悍高集团：家居五金收纳，市值162亿。ROE 17.8%良好+负债率23.3%低+净利率18.2%高，PE22.6合理；股东户数-49.6%筹码高度集中(正面)。毛利率36.2%体现品牌溢价，晾晒架/收纳五金细分龙头。注意：存货激增40.8
001286.SZ,陕西能源,大市值,火力发电,12.2911,13.1716,39.1549,24.0555,53.1636,392.6,11.1015,陕西能源：火力发电/煤电一体化，市值393亿。PE 12.3低+ROE 13.2%良好+毛利率39.2%(煤电一体成本优势)+营收增11.1%；火电公用事业现金流稳定+股息，低估值提供安全边际。负债率53.2%为火电重资产行业正常水平，无明
001316.SZ,润贝航科,小盘,批发业,20.3862,18.1164,30.4362,20.2464,16.0642,42.9,25.2079,ROE 18.1%+净利20.2%+负债率16%极低+营收+25%，PE 20倍合理，航材分销有资质壁垒
001328.SZ,登康口腔,小盘,日用化工,27.8252,13.4584,52.5888,10.456,25.0255,52.8,15.0945,冷酸灵品牌+毛利52.6%+负债率25%健康+营收增15%，消费龙头质地佳
001332.SZ,锡装股份,小盘,专用机械,17.8887,13.9876,44.3051,25.8165,26.2727,48.7,83.4265,营收+83%爆发增长+毛利44%净利26%优秀，PE 17.9倍低估，负债率26%健康
002001.SZ,新和成,大市值,化学制药,14.0082,21.5164,42.881,29.1632,25.6351,940.2,15.7195,新和成：维生素/蛋氨酸/香精香料全球龙头，ROE21.5%优秀且稳定，毛利率42.9%/净利率29.2%，负债率仅25.6%财务稳健。PE14.0倍对应营收增速15.7%PEG约0.9，估值合理偏低。细分领域全球市占率领先形成成本+规模护城
002032.SZ,苏泊尔,大市值,家用电器,15.6203,30.9172,25.0671,8.5926,48.7624,328.8,1.6542,苏泊尔：小家电龙头，ROE30.9%优秀，PE15.6倍估值合理，毛利率25.1%。苏泊尔品牌+渠道+SEB集团背书形成强护城河，盈利稳定现金流充沛。营收增速1.7%虽停滞但公司属成熟消费品牌，高ROE+合理估值提供安全边际。Q1营收/净利
002033.SZ,丽江股份,小盘,旅游景点,19.3716,10.2824,60.9564,37.477,7.3212,47.6,23.5566,玉龙雪山稀缺资源+毛利61%净利37.5%+负债率7.3%极低+营收+23.6%，PE 19.4合理
002043.SZ,兔宝宝,大市值,其他建材,13.7116,17.5448,16.1786,8.7309,36.9076,102.7,32.6794,兔宝宝：装饰板材龙头，市值103亿。PE 13.7低+ROE 17.5%良好+营收增32.7%(PEG约0.42)，低估值高成长组合优异；板材品牌+渠道有护城河，股东户数中期-39.4%筹码集中。毛利16.2%偏低为建材分销行业特征，经营现
002064.SZ,华峰化学,大市值,化纤,20.8956,14.1334,21.8245,14.0063,24.7381,597.0,16.7264,华峰化学：氨纶/己二酸龙头，市值597亿。PE 20.9合理+ROE 14.1%良好+营收增16.7%(PEG约1.25)，估值成长匹配；负债率24.7%低，股东户数-25.1%筹码集中，无财务异常信号。化纤龙头规模成本优势+PA66/己二
002128.SZ,电投能源,大市值,煤炭开采,14.7438,20.5496,46.5209,31.0031,22.9248,864.2,11.6196,电投能源：煤炭+电解铝双主业，ROE20.5%优秀，毛利率46.5%/净利率31%，负债率仅22.9%财务稳健。PE14.7倍对应营收增速11.6%估值合理偏低。煤炭盈利稳定+电解铝受益新能源需求+产能天花板，资源+能源双轮驱动，央企背景(
002142.SZ,宁波银行,大市值,银行,6.907,12.9692,,40.571,93.2963,2078.8,10.2136,宁波银行：城商行标杆，市值2079亿。[金融豁免]ROE 13%优秀(银行中最高梯队)+PE 6.9低+营收增10.2%(银行中较快)，估值与盈利质量俱佳；净利率40.6%，资产质量同业领先。负债率93%为银行经营特性。环比下滑系季度波动无
002154.SZ,报喜鸟,小盘,服饰,14.6557,19.9176,65.5547,16.5021,30.729,59.8,10.456,ROE 19.9%+毛利65.6%优秀，PE 14.7倍低估，负债率31%健康，男装品牌有护城河
002170.SZ,芭田股份,小盘,农药化肥,11.0588,28.0296,38.2229,20.6193,34.7215,112.2,19.4204,"芭田股份(化肥)PE11.06+ROE年化28%+营收增速19.4%,PEG<0.6明显低估;毛利38%净利率20.6%负债率34.7%财务稳健;市值交叉验证112.2亿一致。注意:营收/净利/现金流环比下滑70%+（化肥季节性+股东户数中"
002215.SZ,诺普信,小盘,农药化肥,11.8278,66.5828,42.6908,28.525,59.1755,91.8,25.1945,"诺普信(农药制剂龙头)PE11.83+ROE年化66.6%极高,毛利42.7%净利率28.5%盈利能力强,营收+25.2%,PEG<0.5显著低估;市值交叉验证91.8亿一致。关注点:应收账款激增121%(6.5亿→14.3亿)、经营现金流"
002216.SZ,三全食品,大市值,食品,18.643,22.568,25.5377,10.9751,34.4251,112.9,10.5803,三全食品：速冻食品龙头(水饺/汤圆)，市值113亿。PE 18.6合理+ROE 22.6%优秀+营收增10.6%稳健，消费品牌有渠道护城河；负债率34.4%健康，股东户数-20.8%筹码集中。存货骤降42.4%系去库存属良性，应收激增36.
002262.SZ,恩华药业,大市值,化学制药,20.6554,15.4536,70.9674,19.7237,13.4521,221.8,6.5765,恩华药业：中枢神经(麻醉/精神)用药龙头，市值222亿。毛利71%极高+负债率13.5%极低+ROE 15.5%良好，PE 20.7合理；管制类药品壁垒高护城河强，净利率19.7%。营收增速6.6%偏慢但医药估值合理提供安全边际，应收1.0
002270.SZ,华明装备,大市值,电气设备,25.7717,20.822,53.2465,30.9213,37.1784,180.8,4.0709,华明装备：变压器分接开关全球龙头，市值181亿。ROE 20.8%优秀+毛利53.2%+净利率30.9%极高，盈利质量一流；PE 25.8对应高ROE合理，负债率37.2%稳健。分接开关全球份额第一护城河深，电网改造+海外出口双驱动。营收增
002275.SZ,桂林三金,小盘,中成药,17.3412,15.2704,82.2643,23.6815,23.0652,78.5,12.5489,三金西瓜霜品牌+毛利82%+负债率23%+PE17倍，品牌中药低估优质
002293.SZ,罗莱生活,大市值,纺织,16.9141,13.8216,49.5821,12.7491,29.2891,93.8,5.8709,罗莱生活：家纺龙头(罗莱/LOVO)，市值94亿。PE 16.9合理+ROE 13.8%稳定+毛利49.6%高(品牌溢价强)+净利率12.7%，负债率29.3%低；品牌+渠道护城河，分红稳定。营收增速5.9%慢为家纺成熟行业特性，但低估值高
002345.SZ,潮宏基,大市值,服饰,16.4593,27.0776,26.9171,10.5936,44.8723,94.1,10.9329,潮宏基：珠宝首饰品牌(K金/钻石)，市值94亿。PE 16.5合理+ROE 27.1%优秀+营收增10.9%，低估值高ROE组合；珠宝品牌+门店渠道护城河，净利率10.6%。负债率44.9%略高系珠宝行业备货特性，股东户数+51%筹码分散需
002379.SZ,宏桥控股,大市值,铝,13.065,55.2516,24.0302,16.5062,52.3604,2574.9,3.2051,宏桥控股：全球最大电解铝生产商，市值2575亿。ROE 55.3%极高+PE 13.1低+净利率16.5%，规模成本优势全球领先护城河深；铝价高景气推高盈利，但一体化+低成本优势使ROE长期优于同行。营收增速3.2%慢为产量稳定价格驱动特性
002414.SZ,高德红外,大市值,电器仪表,61.9965,20.2596,62.57,29.3674,34.4697,600.5,83.0224,高德红外：红外探测器/热像仪龙头(军工+民用)，市值600亿。营收增83%(军工订单放量)+毛利62.6%+净利率29.4%+ROE 20.3%，PEG约0.75成长估值匹配；红外芯片国产自主可控护城河深，负债率34.5%稳健。PE 62绝
002415.SZ,海康威视,小盘,IT设备,20.7683,18.8334,49.9673,19.4842,32.3603,3413.0,11.9673,"海康威视(安防/智能物联龙头)PE20.8+ROE年化18.8%+营收+12%,白马龙头估值合理PEG约1.7;毛利50%净利率19.5%盈利质量优秀,负债率32.4%低,市值交叉验证3413亿一致,冷信息无财务异常,股东户数减少筹码集中。"
002458.SZ,益生股份,大市值,农业综合,27.8359,13.7174,28.0446,18.2084,35.1414,130.0,28.4363,益生股份：白羽鸡种鸡龙头(祖代/父母代垄断)，市值130亿。PE 27.8+ROE 13.7%+营收增28.4%(PEG约0.98)，估值与周期上行匹配；祖代种鸡进口垄断地位护城河强，净利率18.2%。负债率35.1%稳健。鸡周期波动是风险
002463.SZ,沪电股份,大市值,元器件,56.305,31.1468,35.6324,19.9776,48.6431,2422.2,53.9061,沪电股份：AI服务器高多层PCB龙头，市值2422亿。ROE 31.1%优秀+营收增53.9%(PEG约1.04)+净利率20%，高成长与估值基本匹配；AI算力需求爆发+高端PCB技术壁垒护城河深。负债率48.6%略高但AI景气下现金流充裕
002487.SZ,大金重工,大市值,电气设备,23.8507,20.4696,39.1904,22.7923,37.1145,311.7,67.1721,大金重工：海上风电塔筒龙头，市值312亿。ROE 20.5%优秀+营收增67.2%(PEG约0.36)+毛利39.2%+净利率22.8%，海风放量高成长且估值低；负债率37.1%稳健。海风塔筒出海+欧洲订单提供增量，技术/产能壁垒。低估值+
002507.SZ,涪陵榨菜,小盘,食品,17.2134,12.2648,54.8553,36.1535,6.9657,132.2,5.701,"涪陵榨菜(榨菜消费龙头)PE17.2合理+ROE年化12.3%,毛利54.9%净利率36.2%盈利质量优秀,负债率仅7%财务极稳健,市值交叉验证132.2亿一致,无冷信息红旗。消费品牌护城河强,增速5.7%偏慢但估值匹配,安全边际充足,综合"
002517.SZ,恺英网络,大市值,互联网,17.6849,30.8276,80.7497,37.0447,22.4364,383.1,64.1938,恺英网络：游戏公司(传奇/仙侠IP)，市值383亿。ROE 30.8%优秀+毛利80.7%+净利率37%极高+PE 17.7(对应营收增64.2%，PEG约0.28)明显低估，负债率22.4%低；游戏IP运营+小游戏出海提供成长。应收激增3
002532.SZ,天山铝业,大市值,铝,10.4908,29.152,35.6052,26.1937,39.9421,627.2,6.5539,天山铝业：低成本电解铝龙头(新疆一体化)，市值627亿。PE 10.5极低+ROE 29.2%优秀+净利率26.2%，电力自给+一体化成本优势护城河强；铝价高景气推高盈利，低估值+高ROE组合突出。营收增速6.6%慢为产量稳定价格驱动特性，
002558.SZ,巨人网络,大市值,互联网,22.4212,27.258,95.3777,50.0718,19.8603,557.6,221.7004,巨人网络：游戏公司(征途IP/球球大作战)，市值558亿。ROE 27.3%优秀+毛利95.4%+净利率50.1%极高+负债率19.9%低，PE 22.4估值合理；游戏IP长线运营+AI应用探索。营收增221.7%幅度极大，可能含低基数/新
002568.SZ,百润股份,大市值,红黄酒,27.9016,18.9878,70.6588,28.8859,41.4037,202.9,11.341,百润股份：预调酒RIO龙头，市值203亿。ROE 19%优秀+毛利70.7%+净利率28.9%，预调酒品牌龙头护城河强；PE 27.9相对营收增11.3%略偏贵但消费品牌估值中枢合理。负债率41.4%稳健。预调酒赛道渗透率提升+微醺系列放量
002588.SZ,史丹利,大市值,农药化肥,9.1699,17.6876,17.3219,8.8779,43.3443,99.6,19.2215,史丹利：复合肥龙头，市值100亿。PE 9.2极低+ROE 17.7%良好+营收增19.2%(PEG约0.48)，低估明显；品牌渠道护城河+粮食安全需求稳定。股东户数-31.7%筹码集中。毛利17.3%低为化肥行业常态，经营现金流-3.6亿
002602.SZ,世纪华通,大市值,互联网,16.1549,25.7592,72.0479,18.6083,28.0363,1014.9,35.1855,世纪华通：游戏龙头(盛趣传奇IP)，市值1015亿。ROE 25.8%优秀+毛利72%+净利率18.6%+PE 16.2(对应营收增35.2%，PEG约0.46)明显低估，负债率28%低；游戏IP+小游戏+海外+算力/AI概念。大宗交易8笔
002648.SZ,卫星化学,小盘,化工原料,14.8217,24.5424,24.3379,16.6996,52.4788,868.4,2.822,"卫星化学(C2/C3轻烃一体化化工龙头)PE14.8+ROE年化24.5%显著低估,毛利24.3%净利率16.7%盈利质量优秀,营收+2.8%为化工周期底部特征,市值交叉验证868.4亿一致,无冷信息红旗。ROE高+PE低+财务稳健,周期底"
002668.SZ,TCL智家,大市值,家用电器,10.2631,33.1872,25.1955,11.4828,66.2794,115.8,6.2243,"TCL智家(家电,115.8亿):PE10.3低估,ROE33.2%优秀,毛利25.2%正常,净利率11.5%,营收+6.2%稳健。负债率66.3%偏高(家电常见)。冷信息:营收/净利环比-73%疑似季度噪声,股东户数+16%筹码分散,略扣"
002737.SZ,葵花药业,小盘,中成药,,11.3304,56.3359,13.7208,23.3243,78.1,27.1929,"葵花药业(中成药/小葵花儿童药,市值78.1亿):毛利率56.3%净利率13.7%品牌药盈利能力佳,负债率23.3%极低,应收/营收仅0.07现金回款极优,2026Q1营收8.4亿同比+27.2%高增长且盈利1.1亿扭亏,经营现金流健康(2"
002756.SZ,永兴材料,大市值,小金属,27.2842,15.1224,30.8687,20.723,11.4547,261.7,35.8164,锂电小金属(碳酸锂)周期股。PE 27.28/市值262亿，PEG约0.76，ROE年化15.1%，毛利30.9%、净利率20.7%优秀，负债率仅11.5%极低财务稳健，营收+35.8%景气回升。低负债+合理估值，周期底部布局价值，PASS
002772.SZ,众兴菌业,小盘,种植业,8.9212,18.1752,39.3489,27.1332,52.9082,40.1,27.3644,"众兴菌业(种植业/食用菌):PE TTM8.9+ROE年化18.2%(PB约1.6)典型低估值高回报组合,毛利率39.4%净利率27.1%盈利能力强,营收+27.4%,股东户数中期-26.6%筹码集中;无应收高企信号;风险:负债率52.9%"
002832.SZ,比音勒芬,大市值,服饰,23.2051,27.8288,75.2717,25.3718,27.9479,140.5,18.3619,高端运动服饰品牌龙头。PE 23.21/市值140亿，ROE年化27.83%优异，毛利75.3%、净利率25.4%极强品牌溢价，营收+18.4%稳健增长，负债率28%财务健康。高ROE+强品牌+合理估值，优质消费标的，PASS。
002833.SZ,弘亚数控,小盘,专用机械,17.508,19.5108,33.7813,18.7687,29.4401,77.7,19.5544,"弘亚数控(专用机械/木工机械龙头,市值77.7亿):PE 17.5对应ROE年化19.5%估值合理偏低,毛利率33.8%净利率18.8%盈利效率高,应收/营收仅0.06现金回款极优,OCF/净利1.06现金流扎实,2026Q1营收7.8亿同"
002839.SZ,张家港行,大市值,银行,5.335,11.072,,45.6131,91.1424,106.3,-4.4306,江苏农商行。金融豁免按ROE评估：ROE年化11.07%达标(≥8%)，PE仅5.34/市值106亿估值低，负债率91%属银行业常态不看。隐忧营收-4.4%(净息差收窄行业共性)，净利率45.6%稳定。低PE+ROE达标，区域银行稳健，PA
002847.SZ,盐津铺子,大市值,食品,16.6507,42.9012,31.8189,14.5814,48.8723,133.4,2.9385,盐津铺子：休闲零食品牌，ROE年化42.9%极优秀+PE 16.65估值便宜(ROE/PE比超2.5)，净利率14.6%、毛利率31.8%消费品牌健康水平。营收增速2.9%偏慢是隐忧但盈利质量高，负债率48.9%可控，渠道品牌护城河稳固。综
002884.SZ,凌霄泵业,小盘,机械基件,12.8473,15.8864,32.3222,22.6531,7.1355,57.6,17.9461,"凌霄泵业(机械基件/民用水泵):PE TTM12.8低估值+ROE年化15.9%高回报+负债率7.1%几乎无负债+净利率22.7%,典型优质小盘价值股组合;营收+17.9%,毛利率32.3%;风险:应收激增36.1%(回款需盯),Q1现金流"
002901.SZ,大博医疗,大市值,医疗保健,28.6809,16.0744,74.1625,25.2363,23.3623,184.4,16.5645,骨科高值耗材龙头。PE 28.68/市值184亿医疗板块合理，ROE年化16.07%良好，毛利74.2%、净利率25.2%极强定价权，营收+16.6%稳健，负债率23.4%极低财务健康。高毛利高ROE+低负债，优质医疗标的，PASS。
002946.SZ,新乳业,大市值,乳制品,18.2496,19.0792,29.9669,6.732,55.2894,143.1,8.3056,区域乳业龙头(西南市场)。PE 18.25/市值143亿估值合理，ROE年化19.08%优秀，毛利30%尚可、净利率6.7%(乳业常态)，营收+8.3%稳健，负债率55.3%偏高(并购扩张)但可控。高ROE+合理估值，PASS(关注负债率)
002947.SZ,恒铭达,大市值,元器件,26.3552,19.0744,34.7468,21.2323,25.2058,151.6,10.0395,消费电子精密功能件。PE 26.36/市值152亿中等，ROE年化19.07%优秀，毛利34.7%、净利率21.2%盈利质量佳，营收+10%平稳，负债率仅25.2%财务极健康。高ROE+高净利率+低杠杆，优质制造标的，PASS。
002948.SZ,青岛银行,大市值,银行,6.0723,12.18,,36.1891,93.7571,331.2,7.2986,城商行。金融豁免按ROE评估：ROE年化12.18%达标且良好，营收+7.3%正增长(优于同业)，PE仅6.07/市值331亿估值低，净利率36.2%稳定，负债率94%属银行业常态不看。ROE达标+营收正增+低PE，优质城商行，PASS。
002956.SZ,西麦食品,小盘,食品,25.6007,24.3684,44.0786,12.3757,26.9395,55.9,25.6454,"西麦食品(食品/燕麦龙头):ROE年化24.4%很高,毛利率44.1%净利率12.4%,营收+25.6%成长佳,负债率27%低财务健康;PE TTM25.6对应高ROE高增速PEG约1合理;无应收高企无存货激增,现金流环比降幅温和(-27%"
002961.SZ,瑞达期货,大市值,多元金融,14.0195,21.0028,,51.3248,86.1602,93.9,108.4239,期货公司。金融豁免按ROE评估：ROE年化21.0%优秀，营收+108.4%爆发(期货市场交投活跃)，PE仅14.02/市值94亿低估值，净利率51.3%。低估值+高ROE+成交景气，PASS(注意期货佣金收入随行情波动大)。
002966.SZ,苏州银行,大市值,银行,6.678,10.8676,,48.4353,92.4148,365.7,10.9413,苏州城商行。金融豁免按ROE评估：ROE年化10.87%达标，营收+10.94%良好正增长，PE仅6.68/市值366亿低估值，净利率48.4%稳定，负债率92%银行业常态不看。ROE达标+营收正增+低PE，区域城商行优质，PASS。
002991.SZ,甘源食品,小盘,食品,17.8196,15.1936,33.9144,10.683,17.7787,39.6,22.5134,"甘源食品(食品/坚果炒货,市值39.6亿):PE 17.8对应ROE年化15.2%估值合理,毛利率33.9%净利率10.7%,负债率17.8%低,应收/营收仅0.16现金回款优,OCF/净利1.9现金流充沛,2026Q1营收6.18亿同比+"
003000.SZ,劲仔食品,小盘,食品,19.4311,19.8308,27.0339,9.636,32.7181,47.9,24.1613,"劲仔食品(食品/休闲鱼制品,市值47.9亿):PE 19.4对应ROE年化19.8%估值合理,毛利率27%净利率9.6%,应收/营收仅0.06现金回款极优,2025全年OCF/净利1.52现金流充沛,2026Q1营收7.39亿同比+24.2"
300012.SZ,华测检测,大市值,电器仪表,22.3203,9.166,45.9506,11.8075,21.6926,236.3,16.1695,第三方检测龙头。PE 22.32/市值236亿估值合理，ROE年化9.17%中等(检测业常态)，毛利46%高、净利率11.8%，营收+16.2%稳健增长，负债率21.7%财务极健康。商业模式稳定+低负债+合理估值，PASS。
300015.SZ,爱尔眼科,大市值,医疗保健,24.3311,20.9792,47.7331,20.5531,32.7198,820.2,6.1458,爱尔眼科：眼科医疗服务连锁龙头，ROE年化21%优秀+PE 24.3估值合理(ROE/PE比0.86)，毛利率47.7%净利率20.6%双高体现品牌溢价与定价权，负债率32.7%稳健。营收增速6.1%偏慢但眼科刚需属性+连锁扩张模式护城河深
300033.SZ,同花顺,大市值,软件服务,54.0312,12.4232,84.9881,24.2927,60.8031,1805.0,40.8063,金融信息服务龙头。PE 54.03/市值1805亿偏贵，但毛利85%极强、净利率24.3%，营收+40.8%高增长(AI+行情活跃驱动)，ROE年化12.4%，负债率60.8%主要为预收性质。龙头壁垒+高毛利+高增长，估值贵但成长消化，临界
300059.SZ,东方财富,大市值,证券,24.1184,15.9488,85.7052,351.7038,78.265,3161.3,31.0487,互联网券商龙头。金融豁免按ROE评估：ROE年化15.95%优秀，营收+31%高增长(行情活跃+基金代销)，PE 24.12/市值3161亿券商合理估值，负债率78%为证券经营杠杆常态不看。ROE优秀+高成长+龙头地位，PASS(注：净利率
300127.SZ,银河磁体,大市值,矿物制品,45.4564,13.9564,37.6027,22.4391,7.438,87.3,33.6074,粘结钕铁硼永磁材料(机器人/新能源磁材)。PE 45.46/市值87亿偏贵，但负债率仅7.4%财务极健康，ROE年化13.96%良好，毛利37.6%、净利率22.4%优质，营收+33.6%高增长。零负债+高净利率+高增长，成长消化估值，PA
300146.SZ,汤臣倍健,大市值,食品,23.404,14.2008,69.1471,21.5692,17.6112,170.7,4.3046,膳食营养补充剂龙头。PE 23.4/市值171亿合理，ROE年化14.2%良好，毛利69.1%、净利率21.6%强品牌溢价，负债率17.6%极低财务健康，营收+4.3%增速偏缓。高毛利+高ROE+低负债，消费品牌稳健标的，PASS(关注增长
300181.SZ,佐力药业,大市值,中成药,15.4863,24.1768,63.8346,22.5008,34.4672,100.7,8.8998,中成药(乌灵胶囊独家中药)。PE 15.49/市值101亿显著低估，ROE年化24.18%优秀，毛利63.8%、净利率22.5%强定价权，营收+8.9%稳健，负债率34.5%正常。低估值+高ROE+中药品牌壁垒，明显低估标的，PASS。
300206.SZ,理邦仪器,小盘,医疗保健,20.7479,18.7192,58.4325,20.5731,12.7052,71.7,22.8216,"理邦仪器(医疗保健):PE20.7/市值71.7亿,ROE年化18.7%优秀,毛利58.4%,净利20.6%,负债率12.7%极低,营收+22.8%高增.冷信:无显著突变,数据干净.加权4.2星PASS:高盈利质量+高成长+低杠杆+估值合理"
300308.SZ,中际旭创,大市值,通信设备,71.9789,70.198,46.0581,32.3998,32.6362,10760.0,192.1169,中际旭创：全球光模块龙头(AI算力核心)，ROE年化70.2%极优秀+营收增速192%爆发，毛利率46.1%净利率32.4%双高，负债率32.6%稳健。PE 71.98绝对数高但对应192%增速PEG仅0.37，成长消化估值能力强。万亿市值
300357.SZ,我武生物,大市值,生物制药,30.5914,17.802,95.2454,46.0814,3.7135,130.3,10.6662,脱敏治疗龙头(粉尘螨滴剂稀缺品种)。PE 30.59/市值130亿合理，ROE年化17.8%良好，毛利95.2%极强、净利率46.1%顶级，负债率仅3.7%几乎零负债，营收+10.7%稳健。稀缺垄断品种+超高盈利+零杠杆，优质医药标的，PA
300373.SZ,扬杰科技,大市值,半导体,38.4279,15.8292,36.8127,17.8136,39.4263,526.7,34.8678,功率半导体器件龙头。PE 38.43/市值527亿中性偏高(PEG约1.1)，ROE年化15.83%良好，毛利36.8%、净利率17.8%优质，营收+34.9%高增长(功率景气+国产替代)，负债率39.4%正常。高成长+良好盈利，估值匹配，
300406.SZ,九强生物,小盘,医疗保健,32.4523,11.0016,81.9386,31.5436,25.0377,68.9,4.6906,"九强生物(医疗保健/体外诊断):PE32.5/市值68.9亿,ROE年化11%,毛利81.9%极高(IVD试剂特征),净利31.5%高,负债率25%低,营收+4.7%偏慢.冷信:无显著突变,数据干净.加权3.9星PASS:极强盈利质量+低杠"
300408.SZ,三环集团,大市值,元器件,88.0313,14.362,43.4889,29.4967,17.1361,2532.3,46.2513,MLCC/陶瓷材料龙头(国产替代核心)。PE 88.03/市值2532亿高但营收+46.3%增速快(PEG约1.9)，ROE年化14.36%良好，毛利43.5%、净利率29.5%优秀，负债率仅17.1%财务极健康。龙头壁垒+高净利率+低杠杆
300415.SZ,伊之密,大市值,专用机械,14.0173,16.2576,32.5799,10.3467,62.8472,99.7,9.22,注塑机龙头。PE 14.02/市值100亿显著低估，ROE年化16.26%良好，毛利32.6%、净利率10.3%制造业正常，营收+9.2%稳健，负债率62.8%偏高(融资租赁业务)但可控。低估值+高ROE+龙头地位，PASS(关注负债结构)
300442.SZ,润泽科技,大市值,软件服务,22.0036,16.6692,46.7988,31.8401,64.9706,1144.6,53.5532,润泽科技：第三方IDC数据中心龙头，PE 22+ROE年化16.7%+营收增速53.6%(PEG<0.5)低估组合，毛利率46.8%净利率31.8%双高。AI算力需求驱动机柜上架率提升，负债率65%偏高系重资产扩张属性属行业常态。估值与成长
300445.SZ,康斯特,小盘,电器仪表,34.5712,10.4124,63.5244,23.4279,8.1625,40.1,24.5567,压力/温度校准仪器商，技术壁垒型好生意。毛利63.5%/净利23.4%双高，ROE10.4%，负债率仅8.2%财务极稳健。营收+24.6%成长明确。PE34.6x对应高成长合理。经营现金流环比-77.8%为回款时点波动需跟踪，股东户数减少筹
300453.SZ,三鑫医疗,小盘,医疗保健,17.8343,18.3084,37.1083,18.4466,33.7571,49.9,13.393,"三鑫医疗(医疗保健/血液净化耗材):PE17.8便宜/市值49.9亿,ROE年化18.3%,毛利37.1%,净利18.4%,负债率33.8%中,营收+13.4%.冷信:无显著突变,数据干净.加权3.9星PASS:高ROE+低估值+稳健成长,"
300458.SZ,全志科技,大市值,半导体,92.0204,25.2428,40.2106,22.2631,18.7323,343.8,47.1241,AIoT SOC芯片设计。PE 92.02/市值344亿高但ROE年化25.24%优秀+营收+47.1%高增长(PEG约1.95)，毛利40.2%、净利率22.3%优质，负债率仅18.7%财务健康。高ROE+高成长+轻资产芯片设计，估值高但
300487.SZ,蓝晓科技,大市值,化工原料,39.4887,16.1852,55.4818,29.994,31.5658,349.8,5.2433,吸附分离树脂龙头(盐湖提锂/半导体纯化)。PE 39.49/市值350亿中性，ROE年化16.19%良好，毛利55.5%、净利率30%优质，负债率31.6%健康，营收+5.2%增速偏缓。高毛利+高ROE+细分龙头壁垒，盈利质量扎实，PASS
300502.SZ,新易盛,大市值,通信设备,54.6493,58.07,49.161,33.2721,31.035,5869.1,105.7595,光模块龙头(AI算力核心受益)。PE 54.65/市值5869亿高但PEG约0.5，ROE年化58.07%顶级，毛利49.2%、净利率33.3%极优，营收+105.8%爆发(800G/1.6T放量)，负债率31%健康。AI高景气+顶级盈利质
300515.SZ,三德科技,小盘,电器仪表,17.4033,13.9856,58.6829,26.2402,33.396,32.8,18.1734,三德科技(煤质分析仪器):ROE 21.1%+毛利54.5%+净利28%+扣非+28.7%+经营现金流2.12亿(净现比114%)。年报口径应收/营收仅0.35倍健康（Worker单季口径1.60倍为误判）。人工复核升级PASS
300573.SZ,兴齐眼药,大市值,化学制药,20.1296,39.6652,82.0522,30.2068,20.5104,152.3,27.4549,眼科药龙头(低浓度阿托品近视防控独家)。PE 20.13/市值152亿显著低估，ROE年化39.67%顶级，毛利82.1%、净利率30.2%极强，营收+27.5%高增长，负债率20.5%低。顶级ROE+独家品种+低估值，极度低估标的，强烈P
300604.SZ,长川科技,大市值,半导体,116.2392,28.6988,56.8083,26.0505,49.4151,1828.4,69.0854,半导体测试设备龙头(国产替代核心)。PE 116.24/市值1828亿极高但营收+69.1%增速强劲(PEG约1.7)，ROE年化28.7%优秀，毛利56.8%、净利率26.1%优质，负债率49.4%中等。设备龙头+高ROE+高成长，估值高
300628.SZ,亿联网络,大市值,通信设备,18.423,27.1668,65.2371,45.7947,7.5776,496.4,18.8259,统一通信SIP话机全球龙头。PE 18.42/市值496亿显著低估，ROE年化27.17%优秀，毛利65.2%、净利率45.8%顶级盈利质量，负债率仅7.6%极健康，营收+18.8%稳健增长。顶级ROE+顶级净利率+低估值，极度低估标的，强
300693.SZ,盛弘股份,大市值,电气设备,24.4714,15.4168,40.5799,11.5134,45.4288,119.5,23.1295,充电桩+储能变流器。PE 24.47/市值120亿估值合理，ROE年化15.42%良好，毛利40.6%、净利率11.5%尚可，营收+23.1%稳健增长(新能源需求)，负债率45.4%中等。合理估值+良好ROE+赛道景气，PASS。
300750.SZ,宁德时代,大市值,电气设备,21.1231,24.1654,23.9284,16.9837,63.6525,17954.7,54.8004,全球动力电池龙头，ROE 24.2%优秀，营收增速54.8%高增长，PE 21.1倍PEG约0.4明显低估，毛利率23.9%净利率17%规模效应显著；负债率63.7%偏高但龙头现金流强，护城河深。PE合理+ROE高+增速稳，PASS
300773.SZ,拉卡拉,大市值,软件服务,10.3719,52.0024,24.1516,36.5749,60.6905,172.7,24.1971,拉卡拉：第三方支付龙头(银行卡收单)，PE 10.4极低+ROE年化52%极优秀，净利率36.6%高，营收增速24.2%稳健，支付行业准金融牌照壁垒。负债率60.7%属支付行业备付金属性常态。冷信息现金流单季为负但系支付行业周期性，股东户数
300861.SZ,美畅股份,大市值,矿物制品,28.2801,11.9344,39.0664,32.8642,8.0553,116.4,39.7059,光伏金刚石线龙头。PE 28.28/市值116亿估值合理，ROE年化11.93%中等，毛利39.1%、净利率32.9%优质，营收+39.7%高增长，负债率仅8.1%财务极健康。高净利率+极低负债+合理估值+高成长，PASS。
300866.SZ,安克创新,大市值,元器件,27.3317,17.3872,43.6401,6.1901,43.9193,689.0,26.9341,消费电子出海龙头(安克)，ROE 17.4%不错、毛利率43.6%品牌溢价显著、营收增速26.9%稳定高增，PE 27.3倍PEG约1.0估值合理；净利率6.2%偏低系亚马逊渠道及营销费用所致但ROE仍在高位，成长确定性强，PASS
300867.SZ,圣元环保,小盘,环境保护,15.0718,11.322,51.6444,28.2702,54.932,44.7,8.4181,垃圾焚烧发电特许经营商，牌照壁垒型好生意。毛利51.6%/净利28.3%双高，ROE11.3%，营收+8.4%稳定增长。PE15.1x估值合理。负债率54.9%偏高但为BOT重资产行业特性，经营现金流稳定。冷信息无异常。行业需求刚性（环保刚
300871.SZ,回盛生物,小盘,农业综合,16.1733,14.0328,35.5121,17.0759,30.1779,46.3,14.8216,兽药/动物保健商，GMP资质+渠道壁垒。ROE14.0%/毛利35.5%/净利17.1%稳健，营收+14.8%增长明确。PE16.2x估值合理。负债率仅30.2%财务健康，经营现金流稳定，冷信息无异常。养殖业规模化驱动兽药需求长期增长，综合
300908.SZ,仲景食品,小盘,食品,17.6453,11.7716,44.4637,18.1644,12.205,34.8,6.7847,调味食品(香菇酱等)，PE_TTM17.6合理，ROE11.8%(年化)；毛利率44.5%/净利率18.2%优秀，负债率仅12.2%，营收增速6.8%稳健；冷信息无应收/现金流风险(环比下滑为食品季节性)；低负债高盈利质量，加权约3.65分
301019.SZ,宁波色母,小盘,塑料,26.582,10.3988,37.254,22.8323,10.0351,30.3,19.8118,色母粒细分龙头，配方技术+客户粘性护城河。毛利37.3%/净利22.8%优秀，ROE10.4%，营收+19.8%成长明确。负债率仅10.0%极稳健。PE26.6x中等合理。经营现金流环比-92.2%需跟踪（疑回款时点/备货），无应收异常。综
301031.SZ,中熔电气,大市值,电气设备,28.0125,28.3344,35.8881,17.9039,53.773,128.4,61.9216,电力熔断器龙头(新能源车/储能)。PE 28.01/市值128亿合理，ROE年化28.33%优秀，毛利35.9%、净利率17.9%良好，营收+61.9%高增长(新能源放量)，负债率53.8%偏高但可控。高ROE+高成长+合理估值，优质标的，
301087.SZ,可孚医疗,大市值,医疗保健,31.4042,8.9212,55.1541,10.6099,31.0338,121.6,37.2159,家用医疗器械（血压计/护理类），营收增速37.2%高成长：PE31.4/市值122亿/ROE8.9%/毛利55.2%/净利率10.6%/负债率31%。PEG约0.85，估值对增速合理。注意：ROE与净利率双低（次新股净资产稀释+费用率高），
301101.SZ,明月镜片,小盘,文教休闲,29.4705,12.5424,55.1998,24.6024,11.0488,59.5,18.3167,国产镜片品牌龙头，品牌+渠道+原料一体化壁垒。毛利55.2%/净利24.6%优秀，ROE12.5%，营收+18.3%成长稳定。负债率仅11.0%极稳健，冷信息无异常。PE29.5x合理。近视防控+功能镜片渗透率提升驱动需求，综合3.9星，P
301219.SZ,腾远钴业,大市值,小金属,12.6218,22.0724,34.6025,20.5501,30.5744,191.6,75.1256,"腾远钴业(小金属,191.6亿):PE12.6低,ROE22.1%优,毛利34.6%/净利20.6%强,营收+75.1%高增,负债率30.6%健康。钴为电池关键金属,景气上行。注意周期股低PE或为景气高点信号,但当前ROE与增速匹配,估值不"
301246.SZ,宏源药业,大市值,化学制药,32.8159,12.7348,32.0023,20.4964,26.6704,83.5,62.3063,"宏源药业(化学制药,83.5亿):PE32.8vs营收+62.3%,PEG约0.53估值合理。ROE12.7%一般,毛利32%/净利20.5%医药属性质量好,负债率26.7%低。化学原料药+制剂双轮,高增速消化估值,PASS。"
301289.SZ,国缆检测,小盘,电器仪表,37.6733,9.878,58.0553,31.094,19.1299,34.0,10.0986,电缆第三方检测机构，CMA/CNAS资质壁垒强。毛利58.1%/净利31.1%双高，ROE9.9%，营收+10.1%稳健增长。负债率仅19.1%财务健康，冷信息无异常。PE37.7x偏高但检测行业具牌照稀缺性，需求刚性。综合3.65星，PA
301308.SZ,江波龙,大市值,半导体,30.08,154.192,55.5274,40.1602,65.5502,1635.6,132.7928,"江波龙(半导体存储,1635.6亿):PE30对营收+132.8%不贵,ROE年化154%爆发,毛利55.5%/净利40.2%极强。负债率65.5%偏高。存储涨价超级周期,当前业绩和估值匹配;但强周期股需警惕存储价格见顶回落风险,业绩弹性大"
301345.SZ,涛涛车业,大市值,摩托车,30.5258,19.0616,40.902,16.6484,37.2157,276.7,65.6579,"涛涛车业(摩托车/休闲车,276.7亿):PE30.5vs营收+65.7%,PEG约0.46低估。ROE19.1%良好,毛利40.9%/净利16.6%强,负债率37.2%适中。电动休闲车出海成长,增速快估值合理,PASS。"
301371.SZ,敷尔佳,大市值,日用化工,25.4959,11.8708,77.2024,31.2889,4.7743,130.8,82.1167,"敷尔佳(医美护肤日用化工,市值131亿)质地优秀:毛利率77.2%品牌力强,净利率31.3%,负债率仅4.8%几乎无杠杆,ROE年化11.9%,营收增速82.1%,PE_TTM25.5,PEG约0.3明显低估。消费品牌壁垒+轻资产+高现金流"
301536.SZ,星宸科技,大市值,半导体,108.3873,27.2672,46.0536,22.2622,41.0558,517.4,49.347,端侧AI芯片（IPC SoC全球龙头，联发科系）：PE108/市值517亿/ROE27.3%优秀/毛利46.1%/净利率22.3%/营收增速49.3%高成长。PEG约2.2，高成长溢价尚可接受。风险：存货激增30.8%（9.3亿→12.2亿
301566.SZ,达利凯普,大市值,元器件,61.3931,14.4116,67.6235,46.9664,4.4902,99.2,13.8762,"达利凯普(射频MLCC,99.2亿):质地顶级,毛利67.6%/净利47%/负债率4.5%,国产射频电容稀缺龙头护城河深。PE61.4对营收+13.9%偏贵(PEG约4.4),ROE14.4%尚可。财务质量近乎无瑕疵,长期逻辑强,短期估值需"
301606.SZ,绿联科技,大市值,元器件,27.6934,27.1556,39.2578,8.4927,26.2234,219.3,53.4216,消费电子配件品牌（充电/扩展坞，亚马逊+国内电商）：PE27.7/市值219亿/ROE27.2%优秀/毛利39.3%/净利率8.5%偏低/负债率26.2%。营收增速53.4%高成长，PEG仅0.52明显低估，ROE27%质量好，筹码集中。风
301677.SZ,欣兴工具,小盘,机械基件,31.3775,13.7932,53.882,37.614,12.6072,62.6,6.7815,"欣兴工具(机械基件/数控刀具):PE31.4/市值62.6亿,ROE年化13.8%,毛利53.9%,净利37.6%极高,负债率12.6%极低,营收+6.8%.冷信:Q2营收/净利/现金流环比-75%~-93%(季节性),无应收存货异常.加权"
301680.SZ,固德电材,小盘,汽车配件,42.7041,14.68,28.2389,15.7093,17.9133,76.9,48.9175,电工绝缘材料（新能源配套）商，营收+48.9%高成长，PEG约0.87。ROE14.7%/净利15.7%稳健，负债率仅17.9%财务健康。PE42.7x对应高成长尚合理。冷信息营收环比-67.6%/净利环比-72.6%波动大（疑单季扰动或新
301696.SZ,三瑞智能,大市值,电气设备,90.7158,42.4948,58.5971,39.2685,15.6657,425.4,72.6348,"三瑞智能(锂电检测设备,425.4亿):质地极佳,ROE42.5%/毛利58.6%/净利39.3%/负债率15.7%,营收+72.6%。PE90.7对增速PEG约1.25偏贵但盈利质量顶级,轻资产高毛利高增长,PASS。"
600018.SH,上港集团,大市值,港口,8.7906,11.2024,39.4234,43.3125,29.0853,1201.2,8.0418,"上港集团(港口基建,市值1201亿)PE_TTM8.8显著低估,ROE年化11.2%稳定,净利率43.3%高(港口重资产特性),毛利39.4%,负债率29%低杠杆,营收增速8%稳健。全球第一大集装箱港核心枢纽壁垒,经营现金流充沛,季度环比波"
600026.SH,中远海能,大市值,水运,17.6006,18.3752,42.6583,31.4295,45.5505,968.4,26.9218,油运龙头（VLCC全球领先，中远海运央企）：PE17.6/市值968亿/ROE18.4%优秀/毛利42.7%/净利率31.4%/负债率45.6%。营收增速26.9%，PEG约0.65低估，业绩预增公告利好，油运景气周期。风险：周期股景气高点
600030.SH,中信证券,大市值,证券,12.9645,12.4872,,45.1688,84.8417,4367.0,40.9138,"中信证券(证券,4367亿,金融豁免):PE13合理,ROE12.5%达标,营收+40.9%显著高增,净利率45%行业龙头水准。牛市成交放大业绩弹性大,龙头地位稳固,估值与成长匹配,PASS。"
600036.SH,招商银行,大市值,银行,6.4912,11.8508,,43.7635,90.4294,9785.3,3.8077,"招商银行(银行,9785.3亿,金融豁免):PE6.5历史低位,ROE11.85%银行最优质档,净利率43.8%,营收+3.8%稳健。零售银行护城河深,资产质量业内最佳,低估值+高ROE,价值凸显,PASS。"
600211.SH,西藏药业,大市值,生物制药,13.1812,31.0412,92.8995,39.0898,33.8568,127.5,1.6064,"西藏药业(生物制药,市值128亿)质地优异:ROE年化31%极高,毛利率92.9%,净利率39.1%,PE_TTM仅13.2,PB合理显著低估。核心品种心脑血管处方药壁垒,应收骤降33%回款改善,有回购动作,股东户数减少筹码集中。负债率33"
600236.SH,桂冠电力,大市值,水力发电,22.1068,16.9972,56.1331,35.4771,55.1961,851.3,37.5917,水电龙头（红水河流域，大唐系）：PE22.1/市值851亿/ROE17%优秀/毛利56.1%/净利率35.5%/负债率55.2%（水电重资产常态）。营收增速37.6%（来水丰年），水电现金流永续稳定。注意：PE22.1对公用事业略偏高，来水
600276.SH,恒瑞医药,大市值,化学制药,44.6498,14.6184,86.5986,28.0201,10.0244,3625.2,12.9754,"恒瑞医药(创新药龙头,3625.2亿):毛利86.6%/净利28%/负债率10%医药顶级质地,ROE14.6%。PE44.6对营收+13%偏贵,但创新药管线价值未在报表完全体现,长期逻辑强,质地支撑估值,PASS。"
600285.SH,羚锐制药,大市值,中成药,15.9852,27.9548,78.1878,21.9738,38.2246,126.1,10.3177,"羚锐制药(中成药贴膏,126.1亿):ROE28%优秀,毛利78.2%/净利22%消费级盈利能力,PE16低估,营收+10.3%稳健,负债率38.2%适中。通络祛痛膏等大单品品牌力强,低估值+高回报,PASS。"
600300.SH,维维股份,小盘,软饮料,14.5536,9.184,28.7999,8.8109,23.4332,50.6,11.3118,植物蛋白饮料老品牌（维维豆奶），品牌认知度高、消费粘性强。ROE9.2%/毛利28.8%/净利8.8%稳健，营收+11.3%平稳增长。PE14.6x估值便宜，负债率23.4%低。冷信息营收环比-71.7%/净利环比-74.8%波动大疑季节性
600329.SH,达仁堂,大市值,中成药,13.1305,23.1872,77.7066,27.9215,27.9198,286.3,4.1163,"达仁堂(中药老字号,286.3亿):ROE23.2%优秀,毛利77.7%/净利27.9%中药高盈利,PE13.1低估,负债率27.9%健康。速效救心丸等品牌老字号护城河,增速+4.1%稳健偏慢但估值极便宜,PASS。"
600338.SH,西藏珠峰,大市值,铅锌,22.4891,15.9972,71.0622,21.1312,33.234,127.3,47.8762,"西藏珠峰(铅锌+盐湖锂,127.3亿):毛利71.1%资源股高毛利,营收+47.9%高增,ROE16%良好,PE22.5对增速PEG约0.47便宜,负债率33.2%适中。铅锌价格+盐湖提锂双驱动,估值与成长匹配,PASS。"
600351.SH,亚宝药业,小盘,中成药,14.6017,12.4514,53.9852,15.6541,15.0326,47.2,0.486,"亚宝药业(中成药):PE14.6便宜/市值47.2亿,ROE年化12.5%,毛利54%,净利15.7%,负债率15%低,营收增速0.5%停滞.冷信:无财务异常,股东户数-9.2%筹码集中,近期2条回购公告.加权3.9星PASS:低估值+高毛"
600398.SH,海澜之家,大市值,服饰,13.3282,20.2076,45.3234,13.8032,41.8604,290.6,7.6638,国民男装品牌（轻资产加盟+高分红）：PE13.3低估/市值291亿/ROE20.2%优秀/毛利45.3%/净利率13.8%/负债率41.9%。营收增速7.7%稳健，PEG约1.7，股息率可观（约6%+），典型价值股。风险：男装行业增长乏力，
600415.SH,小商品城,大市值,商品城,15.1243,16.9248,33.7785,21.6261,45.7309,664.1,45.2914,"小商品城(义乌市场+数字化,664.1亿):PE15.1vs营收+45.3%,PEG约0.33低估,ROE16.9%良好,毛利33.8%/净利21.6%优质。义乌全球小商品集散地+Chinagoods跨境电商增量,负债率45.7%适中,估值"
600489.SH,中金黄金,大市值,黄金,20.1597,30.1696,20.4656,12.6864,43.013,1265.1,52.0092,"中金黄金(黄金,1265.1亿):金价上行周期ROE30.2%高,营收+52%高增,PE20.2对增速PEG约0.39低估,负债率43%适中,毛利20.5%/净利12.7%矿业属性。黄金避险+央行购金逻辑,估值与景气匹配,PASS。"
600499.SH,科达制造,大市值,专用机械,17.6605,18.2272,34.3742,19.1266,46.2313,273.5,25.4775,"科达制造(陶瓷机械+锂电,273.5亿):PE17.7vs营收+25.5%,PEG约0.69低估,ROE18.2%良好,毛利34.4%/净利19.1%优质。陶瓷机械全球龙头+非洲建材+蓝科锂业碳酸锂弹性,负债率46.2%适中,估值成长匹配,"
600519.SH,贵州茅台,大市值,白酒,19.7864,42.2748,89.7592,52.2245,12.1227,16366.3,6.538,"贵州茅台(白酒,16366.3亿):PE19.8历史低位,ROE42.3%/毛利89.8%/净利52.2%/负债率12.1%全部顶级,营收+6.5%稳健。品牌护城河无与伦比,增速放缓但估值已回落至有吸引力的区间,确定性溢价,PASS。"
600595.SH,中孚实业,大市值,铝,9.522,21.247,21.686,12.8016,33.2596,265.7,34.8459,"中孚实业(电解铝,265.7亿):PE9.5极低,ROE21.2%良好,营收+34.8%铝价景气高增,负债率33.3%适中,毛利21.7%/净利12.8%铝冶炼属性。绿电铝成本优势+周期上行,低估值高回报,PASS。"
600598.SH,北大荒,大市值,种植业,17.741,28.0216,64.2689,55.2715,45.4312,214.4,9.5433,"北大荒(农垦土地,214.4亿):ROE28%/毛利64.3%/净利55.3%极高,黑土地资源稀缺性,营收+9.5%稳健,PE17.7估值合理,负债率45.4%适中。粮食安全战略+土地资源重估逻辑,PASS。"
600694.SH,大商股份,小盘,百货,10.9302,12.19,42.2136,15.1819,46.5127,54.7,2.6604,东北区域百货龙头，ROE12.2%/毛利42.2%/净利15.2%稳健，净利2.75亿。PE10.9x估值便宜具安全边际。负债率46.5%偏高但百货业常态。营收+2.7%增长平淡但盈利稳定。冷信息应收激增53.5%、净利环比-44.0%需跟
600872.SH,中炬高新,大市值,食品,24.0889,17.8624,42.4239,19.9933,26.612,149.1,19.8762,调味品（厨邦酱油，华润入主治理改善）：PE24.1/市值149亿/ROE17.9%/毛利42.4%/净利率20%/负债率26.6%低。营收增速19.9%，PEG约1.2合理。利好：近10次回购+业绩预增+股权激励+增持，筹码集中。调味品消费
600885.SH,宏发股份,大市值,电气设备,28.1125,17.892,32.6768,13.7491,34.3297,548.0,32.047,"宏发股份(继电器全球龙头,548亿):ROE17.9%良好,营收+32%新能源车高压继电器放量,PE28.1对增速PEG约0.88合理,毛利32.7%/净利13.7%优质,负债率34.3%适中。全球继电器份额领先+新能源弹性,估值成长匹配,"
600897.SH,厦门空港,小盘,机场,11.9721,9.564,33.7516,25.1272,14.0713,61.0,1.0324,厦门机场运营商，区域性航空枢纽天然垄断壁垒。净利25.1%/毛利33.8%优秀，ROE9.6%，负债率仅14.1%极稳健。PE12.0x估值便宜。营收+1.0%平稳。冷信息营收环比-76.2%/净利环比-77.4%大幅波动疑Q1航空淡季季节
600900.SH,长江电力,大市值,水力发电,18.8175,12.04,55.6463,38.005,57.3271,6789.9,6.4428,"长江电力(水电龙头,市值6790亿)PE_TTM18.8对应稳定回报合理,ROE年化12%,毛利率55.6%,净利率38%(水电高折旧特性),营收增速6.4%稳健,股息率吸引力强。垄断性长江干流六座梯级电站,永续经营+现金流极充沛,负债率5"
600901.SH,江苏金租,大市值,多元金融,11.1943,12.9104,,46.163,85.2649,368.4,16.4593,"江苏金租(金融租赁,368.4亿,金融豁免):PE11.2低估,ROE12.9%达标,营收+16.5%增长优秀,净利率46.2%。金融租赁行业龙头,资产质量稳健,低估值+稳定高增长,PASS。"
600908.SH,无锡银行,大市值,银行,5.0857,10.8988,,45.8612,91.8704,118.3,2.5956,"无锡银行(银行,118.3亿,金融豁免):PE5.1极低,ROE10.9%城商行优质达标,净利率45.9%,营收+2.6%稳健。长三角区位资产质量好,股息率可观,低估值高股息价值股,PASS。"
600919.SH,江苏银行,大市值,银行,6.0403,12.4104,,45.1817,93.6197,2132.4,8.4118,"江苏银行(银行,2132.4亿,金融豁免):PE6.04低估,ROE12.4%股份行最高档,营收+8.4%城商行领先,净利率45.2%。长三角高成长城商行,资产质量与业绩增速双优,低估值高股息,PASS。"
600926.SH,杭州银行,大市值,银行,5.9064,15.9148,,63.7053,93.0193,1159.8,4.2888,"杭州银行(银行,1159.8亿,金融豁免):PE5.9低估,ROE15.9%城商行最高档,净利率63.7%盈利效率顶级,营收+4.3%稳健。杭州区位优质,资产质量优异,低估值高回报,PASS。"
600938.SH,中国海油,大市值,石油开采,11.9451,19.0964,51.1738,33.7563,27.0925,14891.1,8.6333,"中国海油(石油开采,14891.1亿):ROE19.1%优秀,毛利51.2%/净利33.8%成本优势极强,负债率27.1%低,PE11.9便宜。低成本深水油气龙头+高分红,营收+8.6%稳健,低估值高回报,PASS。"
600988.SH,赤峰黄金,大市值,黄金,22.2983,28.5368,59.2701,32.5089,29.3577,799.9,47.6534,金矿成长龙头（国内+海外并购扩张）：PE22.3/市值800亿/ROE28.5%优秀/毛利59.3%/净利率32.5%/负债率29.4%低。营收增速47.7%，PEG约0.47明显低估，业绩预增+扩产中标。黄金景气周期（央行购金+避险），金
600989.SH,宝丰能源,大市值,化工原料,13.8044,29.1376,37.4043,27.6553,44.8554,1735.8,22.8957,"宝丰能源(煤制烯烃龙头,1735.8亿):ROE29.1%优秀,毛利37.4%/净利27.7%成本曲线优势,PE13.8vs营收+22.9%,PEG约0.6低估,负债率44.9%适中。煤炭低成本转化+产能扩张,高回报低估值,PASS。"
600993.SH,马应龙,大市值,中成药,17.1252,18.9556,48.2022,21.6604,16.0669,101.1,4.4593,"马应龙(中成药品牌,101.1亿):ROE19%良好,毛利48.2%/净利21.7%中药消费优质,负债率16.1%极低,PE17.1合理。马应龙麝香痔疮膏国民品牌+眼霜第二曲线,财务稳健,低估值高质地,PASS。"
600999.SH,招商证券,大市值,证券,11.8894,9.3672,,46.9111,82.0687,1582.8,47.9585,"招商证券(证券,1582.8亿,金融豁免):PE11.9低估,ROE9.37%达标,营收+48%牛市高增,净利率46.9%。招商系券商,投行+经纪龙头,低估值+业绩弹性,PASS。"
601000.SH,唐山港,大市值,港口,13.255,8.6788,48.3704,34.489,8.3302,276.7,22.4692,"唐山港(港口,276.7亿):负债率8.3%近乎零杠杆,毛利48.4%/净利34.5%公用事业优质,营收+22.5%吞吐量增长,PE13.3合理。低负债+高净利率+分红预期,估值合理,PASS。"
601009.SH,南京银行,大市值,银行,6.2154,12.5888,,41.2214,93.2281,1386.0,13.54,"南京银行(银行,1386亿,金融豁免):PE6.2低估,ROE12.6%城商行优质,营收+13.5%高增,净利率41.2%。江苏高成长城商行,业绩增速快,低估值高股息,PASS。"
601066.SH,中信建投,大市值,证券,17.9316,11.93,,47.689,83.726,2019.8,62.265,"中信建投(证券,2019.8亿,金融豁免):营收+62.3%投行/经纪高增,ROE11.93%达标,净利率47.7%,PE17.9偏高(券商龙头13-15)。投行龙头牛市弹性大,业绩增速强劲,估值溢价合理,PASS。"
601077.SH,渝农商行,大市值,银行,5.9466,11.278,,51.3569,91.8349,732.5,8.3944,"渝农商行(农商行,732.5亿,金融豁免):PE5.9低估,ROE11.28%达标,营收+8.4%农商行领先,净利率51.4%。重庆区域农商行龙头,零售存款优势,低估值高股息,PASS。"
601128.SH,常熟银行,大市值,银行,5.1448,15.0192,,40.4974,91.7086,223.3,6.7443,"常熟银行(农商行小微标杆,223.3亿,金融豁免):PE5.1极低,ROE15%农商行最高档,营收+6.7%稳健,净利率40.5%。小微金融商业模式优异,资产质量佳,低估值高回报,PASS。"
601166.SH,兴业银行,大市值,银行,5.0078,10.5088,,43.34,91.8059,3881.3,-1.065,"兴业银行(股份制银行,市值3881亿)金融豁免:ROE年化10.5%达标(≥8%),PE_TTM5.0极低,净利率43.3%银行正常,营收增速-1.1%净息差承压但PB约0.5破净。股份制银行里资产质量与财富管理有特色,股息率约5%+有吸引"
601168.SH,西部矿业,大市值,铜,17.271,40.8104,23.9067,16.1196,53.7217,1026.4,24.7433,"西部矿业(铜矿,1026.4亿):ROE40.8%极高(玉龙铜矿+铜价景气),营收+24.7%,PE17.3对增速PEG约0.7便宜,净利16.1%,负债率53.7%偏高。铜需求+产能释放双击,高回报合理估值,PASS。"
601169.SH,北京银行,大市值,银行,5.1641,8.484,,41.446,92.1619,1059.3,14.4334,"北京银行(银行,1059.3亿,金融豁免):PE5.2极低,ROE8.48%达标,营收+14.4%城商行高增,净利率41.4%。首都区位零售优势,低估值+业绩改善,PASS。"
601187.SH,厦门银行,大市值,银行,7.1324,8.3888,,47.9496,92.8478,191.3,25.0516,城商行（厦门银行，金融豁免）：PE7.1/市值191亿/PB约0.6/ROE8.4%（刚达8%线）/净利增速25.1%亮眼/负债率高属银行常态。低估值+高净利增速组合，增速可能含非息收入及低基数。注意：ROE仅8.4%处行业偏低水平，区域经
601229.SH,上海银行,大市值,银行,5.3999,9.7584,,44.6398,92.2056,1308.7,4.2504,"上海银行(银行,1308.7亿,金融豁免):PE5.4低估,ROE9.76%达标,营收+4.25%稳健,净利率44.6%。长三角零售+对公双轮,资产质量改善,低估值高股息,PASS。"
601288.SH,农业银行,大市值,银行,7.6943,9.2056,,36.644,93.5269,22643.9,10.4894,"农业银行(四大行,22643.9亿,金融豁免):营收+10.5%四大行最佳,ROE9.2%达标,PE7.7低估,净利率36.6%。县域金融+三农定位,存款成本优势,低估值高股息,PASS。"
601298.SH,青岛港,大市值,港口,10.9929,11.8484,41.7741,29.0952,24.5097,576.4,7.2135,"青岛港(港口,576.4亿):PE11便宜,净利29.1%/毛利41.8%公用事业优质,负债率24.5%低,ROE11.8%尚可,营收+7.2%。自动化码头效率领先,低负债+高净利+分红,估值合理,PASS。"
601319.SH,中国人保,大市值,保险,7.3584,11.222,,8.0957,78.5414,3135.5,-5.1428,"中国人保(财险龙头,3135.5亿,金融豁免):PE7.4低估,ROE11.2%保险优质达标,净利率8.1%,营收-5.1%(财险周期波动)。财险承保盈利稳健,综合金融集团,低估值+ROE达标,PASS。"
601326.SH,秦港股份,大市值,港口,11.7404,8.312,39.2511,25.9513,21.718,189.4,3.9268,"秦港股份(煤炭港口,189.4亿):PE11.7合理,净利26%/毛利39.3%公用事业优质,负债率21.7%低,ROE8.3%偏低,营收+3.9%平稳。煤炭下水港+低负债+高分红,3.5分达标,PASS。"
601336.SH,新华保险,大市值,保险,5.1278,22.1216,,29.3769,93.3325,1892.3,-33.7375,"新华保险(寿险,1892.3亿,金融豁免):PE5.1极低,ROE22.1%保险最高档,净利率29.4%。营收-33.7%疑为IFRS17保险收入口径变化所致[数据存疑],实际NBV/利润改善。极低估值+高ROE,PASS。"
601398.SH,工商银行,大市值,银行,7.227,8.1144,,38.2051,92.1901,26837.4,8.2698,"工商银行(国有大行,市值2.68万亿)金融豁免:ROE年化8.1%达标,PE_TTM7.2低估,营收增速8.3%稳健,净利率38.2%。全球最大银行系统重要性+国有信用背书,资产质量与分红稳定,股息率约5%。负债率92.2%银行杠杆特性。P"
601577.SH,长沙银行,大市值,银行,4.4988,11.2952,,32.2659,93.5268,370.4,5.6354,"长沙银行(银行,370.4亿,金融豁免):PE4.5极低,ROE11.3%城商行优质,营收+5.6%稳健,净利率32.3%。湖南区域城商行龙头,资产质量改善,极低估值+高股息,PASS。"
601579.SH,会稽山,小盘,红黄酒,26.6417,12.5392,61.602,24.0173,18.4741,72.2,3.9429,黄酒老字号（会稽山品牌），品牌+地域文化壁垒。毛利61.6%/净利24.0%优秀，ROE12.5%，净利1.20亿。负债率仅18.5%财务健康。PE26.6x中等合理。营收+3.9%平稳。冷信息营收环比-72.5%/净利环比-51.0%大幅
601600.SH,中国铝业,大市值,铝,11.5217,28.4232,25.8276,17.1958,43.2655,1689.8,4.8488,"中国铝业(铝业龙头,市值1690亿)ROE年化28.4%极高(周期景气+供给侧受限),PE_TTM11.5对应高ROE低估,净利率17.2%,毛利25.8%,营收增速4.8%平稳。铝行业产能天花板+新能源需求,盈利中枢抬升,负债率43.3%"
601601.SH,中国太保,大市值,保险,5.6149,12.9196,,11.2019,89.0876,3027.5,-1.2484,"中国太保(保险,3027.5亿,金融豁免):PE5.6低估,ROE12.9%保险优质档,营收-1.2%(IFRS17口径)。寿险转型+财险盈利稳健,ROE同业领先,低估值,PASS。"
601665.SH,齐鲁银行,大市值,银行,6.4815,11.7908,,43.7977,93.7257,382.8,13.0159,"齐鲁银行(银行,382.8亿,金融豁免):PE6.5低估,ROE11.79%城商行优质,营收+13%高增,净利率43.8%。山东区域城商行,业绩增速快,资产质量稳,低估值,PASS。"
601688.SH,华泰证券,大市值,证券,9.9214,9.18,,46.1574,82.7426,1740.4,41.4811,"华泰证券(证券,1740.4亿,金融豁免):PE9.9券商低位,ROE9.18%达标,营收+41.5%高增,净利率46.2%。科技金融+财富管理龙头,估值与成长匹配,PASS。"
601825.SH,沪农商行,大市值,银行,6.4798,11.0636,,55.2477,91.6359,799.5,1.2314,"沪农商行(农商行,799.5亿,金融豁免):PE6.5低估,ROE11.06%农商行优质,净利率55.2%盈利效率高,营收+1.2%缓慢。上海区位零售优势,资产质量好,低估值高股息,PASS。"
601838.SH,成都银行,大市值,银行,5.6435,12.4812,,50.9347,93.0186,757.8,6.5428,"成都银行(银行,757.8亿,金融豁免):PE5.6低估,ROE12.48%城商行优秀,营收+6.5%,净利率50.9%盈利效率顶级。成渝经济圈高成长城商行,资产质量优,低估值高股息,PASS。"
601872.SH,招商轮船,大市值,水运,18.3538,25.1028,41.7937,32.4719,46.2596,1451.8,52.9177,"招商轮船(油运VLCC,1451.8亿):ROE25.1%高,净利32.5%/毛利41.8%航运景气,营收+52.9%,PE18.4对增速PEG约0.35低估,负债率46.3%适中。油运运价上行周期,高回报合理估值,PASS。"
601881.SH,中国银河,大市值,证券,10.5813,8.7404,,45.1456,84.0829,1357.0,15.6622,"中国银河(证券,市值1357亿)金融豁免:ROE年化8.7%达标(≥8%),PE_TTM10.6合理,营收增速15.7%较快,净利率45.1%券商特性。头部券商,财富管理+投行+机构业务均衡,市场活跃度回升带动经纪与两融,负债率84%属券商"
601899.SH,紫金矿业,大市值,铜,15.151,41.6196,36.3258,25.5496,51.3712,9346.6,24.7938,"紫金矿业(铜金矿龙头,9346.6亿):ROE41.6%极高(铜金价格+产能扩张),净利25.5%/毛利36.3%强,营收+24.8%,PE15.2对增速PEG约0.61低估,负债率51.4%适中。全球矿业巨头,资源+成长双击,PASS。"
601901.SH,方正证券,大市值,证券,13.601,11.5184,,43.9389,82.6817,579.5,14.6952,"方正证券(证券,579.5亿,金融豁免):PE13.6合理,ROE11.5%达标,营收+14.7%,净利率43.9%。经纪+投行稳健,估值与业绩匹配,PASS。"
601916.SH,浙商银行,大市值,银行,6.139,11.6508,,35.893,94.2567,796.5,0.4969,"浙商银行(银行,796.5亿,金融豁免):PE6.1低估,ROE11.65%城商行优质,营收+0.5%停滞,净利率35.9%。长三角布局,低估值+ROE达标,PASS。"
601939.SH,建设银行,大市值,银行,7.7061,9.3152,,41.0975,92.0007,26343.2,11.1464,"建设银行(四大行,26343.2亿,金融豁免):PE7.7低估,ROE9.32%达标,营收+11.1%四大行优秀,净利率41.1%。基建/房贷业务稳健,资产质量好,低估值高股息,PASS。"
601958.SH,金钼股份,大市值,小金属,22.6919,18.6396,38.3152,24.0288,11.8566,766.6,26.6677,"金钼股份(钼龙头,766.6亿):ROE18.6%良好,净利24%/毛利38.3%资源股优质,负债率11.9%极低,营收+26.7%钼价上行,PE22.7对增速PEG约0.85合理。高回报+极低杠杆,PASS。"
601963.SH,重庆银行,大市值,银行,6.6997,11.0856,,47.5112,93.7224,390.1,11.5689,"重庆银行(银行,390.1亿,金融豁免):PE6.7低估,ROE11.09%城商行优质,营收+11.6%高增,净利率47.5%。成渝经济圈布局,业绩增速快,低估值高股息,PASS。"
601975.SH,招商南油,大市值,水运,11.9036,14.6276,29.0646,27.6975,11.0764,173.6,14.1859,"招商南油(成品油轮,173.6亿):PE11.9便宜,净利27.7%/毛利29.1%优质,负债率11.1%极低,ROE14.6%良好,营收+14.2%。MR成品油轮全球领先,低负债+高分红,估值合理,PASS。"
601995.SH,中金公司,大市值,证券,14.8662,11.2444,,40.8062,84.1427,1683.7,54.2614,"中金公司(投行龙头,1683.7亿,金融豁免):营收+54.3%高增,ROE11.24%达标,净利率40.8%,PE14.9合理。投行+机构业务领先,牛市业绩弹性大,PASS。"
601997.SH,贵阳银行,大市值,银行,3.8683,8.4224,,43.2255,90.4476,204.4,14.5962,"贵阳银行(城商行,市值204亿)金融豁免:ROE年化8.4%达标,PE_TTM3.9极低,PB约0.4深度破净,营收增速14.6%较快,净利率43.2%。贵州区域经济+基建贷款特色,股息率约6%+吸引。负债率90.4%银行杠杆特性。区域银行"
601998.SH,中信银行,大市值,银行,5.8297,9.5904,,37.492,91.5368,4151.1,5.2339,"中信银行(银行,4151.1亿,金融豁免):PE5.8低估,ROE9.59%达标,营收+5.2%稳健,净利率37.5%。中信系零售+对公,资产质量改善,低估值高股息,PASS。"
603025.SH,大豪科技,大市值,纺织机械,19.2204,33.4668,47.5992,30.3343,32.9628,149.9,15.583,"大豪科技(缝纫机电控+红星二锅头,149.9亿):ROE33.5%优秀,毛利47.6%/净利30.3%双主业高盈利,PE19.2合理,营收+15.6%,负债率33%适中。电控龙头+白酒资产,高回报合理估值,PASS。"
603040.SH,新坐标,大市值,汽车配件,41.9159,17.3168,52.681,33.4156,12.0898,111.6,12.1569,"新坐标(汽车精密件,111.6亿):ROE17.3%良好,毛利52.7%/净利33.4%高盈利,负债率12.1%极低,营收+12.2%。PE41.9偏贵但财务质量近乎无瑕,长期逻辑强,PASS。"
603061.SH,金海通,大市值,半导体,118.0657,19.8672,52.9587,29.0583,27.5355,275.5,120.7678,"金海通(半导体分选机,275.5亿):毛利53%/净利29.1%设备高盈利,营收+120.8%国产替代爆发,ROE19.9%,负债率27.5%低。PE118绝对值高但增速消化,长期半导体设备逻辑强,PASS。"
603091.SH,众鑫股份,小盘,家居用品,24.8319,16.7624,35.765,22.2478,21.7248,71.5,12.2744,"众鑫股份(家居用品/植物纤维餐盒):PE24.8/市值71.5亿,ROE年化16.8%,毛利35.8%,净利22.2%,负债率21.7%低,营收+12.3%.冷信:Q2营收/净利/现金流环比-65%~-77%(季节性),股东户数中期+10."
603093.SH,南华期货,大市值,多元金融,21.4029,14.4288,,47.4292,92.6169,129.5,60.6553,"南华期货(期货,129.5亿,金融豁免):ROE14.4%金融优质,营收+60.7%高增,净利率47.4%,PE21.4合理。期货经纪+境外业务成长,业绩弹性大,PASS。"
603132.SH,金徽股份,大市值,铅锌,26.5104,24.7931,69.9676,37.6974,62.8856,185.0,37.0027,"金徽股份(铅锌金矿,185亿):ROE24.8%高,毛利70%/净利37.7%资源股顶级,营收+37%,PE26.5对增速PEG约0.72合理,负债率62.9%偏高。铅锌+黄金双资源,高回报估值匹配,PASS。"
603156.SH,养元饮品,大市值,软饮料,42.7468,34.1364,44.7682,31.5869,23.2556,609.3,37.5006,"养元饮品(六个核桃,609.3亿):ROE34.1%优秀,毛利44.8%/净利31.6%消费顶级,负债率23.3%低,营收+37.5%增长提速。PE42.7偏高但品牌+盈利质量支撑,高回报强质地,PASS。"
603162.SH,海通发展,大市值,水运,17.5816,22.2892,19.6142,15.0828,35.5398,158.5,92.7753,"海通发展(干散货航运,158.5亿):ROE22.3%高,营收+92.8%BDI运价大涨,PE17.6对增速PEG约0.19低估,净利15.1%,负债率35.5%适中。干散货景气+运力紧张,PASS。"
603193.SH,润本股份,大市值,日用化工,26.0466,9.3688,59.0965,19.7068,6.5056,84.1,11.2738,"润本股份(婴童日化,84.1亿):毛利59.1%品牌消费优质,净利19.7%,负债率6.5%几乎零负债,营收+11.3%。PE26中性,ROE9.4%偏低。婴童驱蚊/洗护品牌稳健,财务极干净,3.5分达标,PASS。"
603195.SH,公牛集团,大市值,家用电器,17.6656,24.4584,42.7398,26.0975,26.8604,733.8,3.5165,"公牛集团(电工插座龙头,733.8亿):ROE24.5%优秀,毛利42.7%/净利26.1%消费品牌优质,负债率26.9%低,PE17.7便宜。渠道护城河深,增速+3.5%慢但估值有安全边际,PASS。"
603198.SH,迎驾贡酒,大市值,白酒,14.8817,30.204,75.5959,37.5582,21.4057,296.4,8.9112,"迎驾贡酒(徽酒洞藏,296.4亿):ROE30.2%优秀,毛利75.6%/净利37.6%白酒高盈利,负债率21.4%低,PE14.9便宜,营收+8.9%稳健。洞藏系列增长+品牌力,低估值高回报,PASS。"
603199.SH,九华旅游,小盘,旅游景点,16.784,16.4936,54.6534,29.6002,12.9414,35.9,0.1669,"九华旅游(旅游景点/九华山):PE16.8便宜/市值35.9亿,ROE年化16.5%,毛利54.7%,净利29.6%,负债率12.9%极低,营收增速0.2%停滞.冷信:现金流环比-82%(旅游季节性),股东户数-8.3%筹码持续集中.加权4"
603203.SH,快克智能,大市值,专用机械,98.4458,21.1872,49.7633,23.4468,32.9367,146.8,33.0853,"快克智能(精密焊接设备,146.8亿):ROE21.2%良好,毛利49.8%/净利23.4%设备高盈利,营收+33.1%半导体封装景气,负债率32.9%适中。PE98.4偏贵但质地与成长支撑,长期逻辑强,PASS。"
603207.SH,小方制药,小盘,化学制药,18.1696,19.9732,60.925,38.4414,8.7899,37.0,12.8786,OTC皮肤药品牌（药准字号+品牌认知壁垒）。ROE20.0%卓越，毛利60.9%/净利38.4%极优，净利5601万，营收+12.9%成长稳健。负债率仅8.8%极稳健。PE18.2x估值便宜。冷信息营收环比-72.3%/净利环比-73.0%
603259.SH,药明康德,大市值,化学制药,21.3174,27.183,53.9095,38.5028,27.8495,4619.5,38.935,"药明康德(CXO全球龙头,4619.5亿):ROE27.2%优秀,毛利53.9%/净利38.5%服务顶级,营收+38.9%高增,PE21.3对增速PEG约0.55低估,负债率27.8%低。全球CXO份额领先,低估值高回报,PASS。"
603288.SH,海天味业,大市值,食品,29.2713,23.4544,41.9955,27.0581,12.0851,2131.0,8.5658,"海天味业(调味品龙头,2131亿):ROE23.5%优秀,净利27.1%/毛利42%消费品牌顶级,负债率12.1%极低,营收+8.6%稳健。PE29.3对增速偏贵,但品牌护城河+财务极优,质地支撑估值,PASS。"
603317.SH,天味食品,大市值,食品,20.227,21.5184,45.0308,23.2376,15.1518,150.7,76.1909,"天味食品(火锅底料,150.7亿):营收+76.2%爆发增长,ROE21.5%优秀,毛利45%/净利23.2%消费优质,负债率15.2%低,PE20.2对增速PEG约0.27严重低估。复合调味料高成长,低估值高回报,PASS。"
603323.SH,苏农银行,大市值,银行,4.5257,9.666,,40.3201,91.916,93.5,1.2244,"苏农银行(农商行,93.5亿,金融豁免):PE4.5极低,ROE9.67%达标,净利率40.3%,营收+1.2%缓慢。苏州区位小微金融,资产质量稳,极低估值+高股息,PASS。"
603337.SH,杰克科技,大市值,纺织机械,24.5417,19.5864,32.4079,12.9449,37.1986,212.8,12.8617,缝纫机全球龙头（杰克，市占率第一）：PE24.5/市值213亿/ROE19.6%优秀/毛利32.4%/净利率13%/负债率37.2%。营收增速12.9%，PEG约1.9尚可。全球缝纫机龙头护城河强，ROE高，估值合理。风险：纺织机械周期波动
603338.SH,浙江鼎力,大市值,工程机械,14.9998,15.5832,33.8099,18.4367,32.0943,288.5,29.4772,"浙江鼎力(高空作业平台龙头,288.5亿):PE15vs营收+29.5%,PEG约0.51低估,ROE15.6%良好,净利18.4%/毛利33.8%优质,负债率32.1%适中。高机龙头+出海+电动化,估值成长匹配,PASS。"
603345.SH,安井食品,大市值,食品,18.5855,14.2812,24.9871,12.0462,19.8771,284.0,30.8432,"安井食品(速冻食品龙头,284亿):营收+30.8%预制菜高增,PE18.6对增速PEG约0.6低估,ROE14.3%中等,负债率19.9%低,毛利25%/净利12%食品加工属性。龙头地位+产能扩张,估值合理,PASS。"
603379.SH,三美股份,大市值,化工原料,18.4008,24.2072,53.4236,35.7418,17.7032,398.6,15.3568,"三美股份(制冷剂龙头,398.6亿):ROE24.2%优秀,毛利53.4%/净利35.7%配额制高盈利,负债率17.7%低,PE18.4合理,营收+15.4%。三代制冷剂配额+涨价周期,高回报合理估值,PASS。"
603387.SH,基蛋生物,小盘,医疗保健,20.1634,10.9348,70.3429,27.3794,20.7005,46.9,9.565,POCT体外诊断，ROE10.9%(年化)，毛利率70.3%/净利率27.4%双高，负债率20.7%低，营收增速9.6%稳健；PE_TTM20.2低估，冷信息无显著突变；低估值+高毛利+财务健康全优，加权约3.85分，PASS
603435.SH,嘉德利,大市值,元器件,103.3087,19.8904,46.5603,32.1634,19.3628,251.6,3.1773,"嘉德利(光电膜,251.6亿):ROE19.9%良好,毛利46.6%/净利32.2%材料高盈利,负债率19.4%低。但PE103对营收+3.2%泡沫级贵,短期增速平淡,靠质地与赛道(偏光片/光学膜国产替代)支撑,PASS(注意估值风险)。"
603444.SH,吉比特,大市值,互联网,13.5943,35.9528,93.7666,33.3727,21.6029,275.7,62.6672,"吉比特(游戏,275.7亿):ROE36%极高,毛利93.8%/净利33.4%游戏顶级盈利,营收+62.7%新品+出海高增,PE13.6对增速PEG约0.22严重低估,负债率21.6%低。高分红+低估值,强烈PASS。"
603486.SH,科沃斯,大市值,家用电器,19.8485,17.5608,49.5896,8.257,47.923,335.1,27.0594,"科沃斯(扫地机器人龙头,335.1亿):ROE17.6%良好,毛利49.6%高端制造,营收+27.1%增长,PE19.8对增速PEG约0.73低估,负债率47.9%适中。净利率8.3%偏低但估值便宜,智能家居龙头,PASS。"
603508.SH,思维列控,大市值,IT设备,14.7221,15.726,62.6668,44.3171,6.8219,86.9,18.6632,"思维列控(铁路列控系统,86.9亿):毛利62.7%/净利44.3%高盈利,负债率6.8%几乎零负债,ROE15.7%,PE14.7vs营收+18.7%,PEG约0.79低估。铁路信息化龙头,低估值高质地,PASS。"
603558.SH,健盛集团,小盘,纺织,9.8678,15.2398,30.4555,14.4274,42.9269,43.2,3.4046,"健盛集团(纺织/袜子代工):PE9.9很便宜/市值43.2亿,ROE年化15.2%,毛利30.5%,净利14.4%,负债率42.9%,营收+3.4%慢.冷信:无显著突变,数据干净.加权3.8星PASS:深度价值(PE<10)+ROE良好+现"
603587.SH,地素时尚,小盘,服饰,19.3181,10.9324,77.4575,19.793,13.8198,53.8,6.1998,中高端女装(DAZZLE)，ROE10.9%(年化)，毛利率77.5%/净利率19.8%双高，负债率13.8%极低，营收增速6.2%；PE_TTM19.3合理，冷信息无应收/存货风险(环比下滑为服装季节性)，股东户数持续减少(筹码集中)；品
603676.SH,卫信康,小盘,化学制药,18.2378,18.0992,60.1906,21.214,20.8289,39.5,8.9022,"静脉营养化学制药股。质量优:ROE 18.1%,毛利60.2%,净利21.2%,PE 18.2便宜,负债率20.8%低,营收+8.9%,加权3.7过PASS线;环比下滑-71%或季节性,多期户数+15.9%留意,估值与盈利匹配好PASS"
603706.SH,东方环宇,小盘,供气供热,15.2675,22.9088,31.9351,25.0832,26.596,36.3,3.9556,"东方环宇(供气供热):PE15.3便宜/市值36.3亿,ROE年化22.9%高,毛利31.9%,净利25.1%高,负债率26.6%低,营收+4%慢.冷信:无显著突变,数据干净.加权4.5星PASS:高ROE+高净利率+低估值+低负债,公用事"
603811.SH,诚意药业,小盘,化学制药,17.5846,12.4704,69.9555,22.2013,18.0832,34.0,8.3002,海洋药物/中成药商，毛利70.0%/净利22.2%优秀，ROE12.5%，营收+8.3%平稳。PE17.6x估值便宜，负债率仅18.1%稳健。冷信息应收激增86.1%、股东户数+50.5%分散、近90天10笔大宗交易需警惕（可能股东减持），
603893.SH,瑞芯微,大市值,半导体,74.8832,28.9328,43.042,27.3088,17.8549,868.4,36.2152,"瑞芯微(AI SoC龙头,868.4亿):ROE28.9%优秀,毛利43%/净利27.3%芯片高盈利,负债率17.9%低,营收+36.2%AIoT景气。PE74.9偏高但成长与质地支撑,国产AI芯片核心标的,PASS。"
603929.SH,亚翔集成,大市值,装修装饰,28.7814,41.8116,24.2493,19.1957,56.4174,351.6,51.3555,"亚翔集成(半导体洁净室工程,351.6亿):ROE41.8%极高,营收+51.4%晶圆厂建设景气,净利19.2%,PE28.8对增速PEG约0.56低估,负债率56.4%适中。半导体扩产周期核心受益,PASS。"
603979.SH,金诚信,大市值,铜,19.616,21.1256,36.0703,17.5957,47.8093,494.0,21.4473,"金诚信(矿山服务+铜矿,494亿):ROE21.1%高,PE19.6vs营收+21.4%,PEG约0.92合理,毛利36.1%/净利17.6%优质,负债率47.8%适中。矿山开发服务全球领先+自营铜矿弹性,估值合理,PASS。"
603986.SH,兆易创新,大市值,半导体,101.8085,26.3996,57.0767,35.1597,8.1329,2926.6,119.3787,"兆易创新(存储+MCU龙头,2926.6亿):营收+119.4%存储涨价爆发,ROE26.4%/毛利57.1%/净利35.2%芯片顶级,负债率8.1%极低。PE101.8高但对增速PEG约0.85,国产存储核心标的,质地支撑,PASS。"
603998.SH,方盛制药,小盘,中成药,13.9236,20.5224,75.3297,18.9857,39.9312,42.7,10.6893,中成药品牌商，ROE20.5%卓越，毛利75.3%/净利19.0%优秀，营收+10.7%稳健。PE13.9x估值便宜。负债率39.9%中等，冷信息无财务异常。股东户数+15.0%小幅分散需关注。中药品种独家/品牌壁垒+医保目录放量驱动，综合
605016.SH,百龙创园,大市值,食品,21.9733,23.8576,45.1081,30.7139,25.6305,89.6,25.3154,"百龙创园(功能糖/膳食纤维,89.6亿):ROE23.9%优秀,毛利45.1%/净利30.7%高盈利,营收+25.3%健康食品赛道成长,PE22对增速PEG约0.87低估,负债率25.6%低。阿洛酮糖等新品放量,低估值高回报,PASS。"
605098.SH,行动教育,小盘,文教休闲,20.6134,15.358,76.5292,23.0736,57.3367,68.2,32.7016,企业管理培训，ROE15.4%(年化)，毛利率76.5%/净利率23.1%双高，营收增速32.7%；PE_TTM20.6合理；负债率57.3%主要为预收学费(合同负债)属经营负债，冷信息无应收风险，环比下滑为培训行业Q4集中确认收入的季节性
605099.SH,共创草坪,大市值,文教休闲,18.1739,24.7408,34.6101,21.9631,20.2843,129.5,15.2378,"共创草坪(人造草坪全球龙头,129.5亿):ROE24.7%优秀,净利22%/毛利34.6%优质,负债率20.3%低,PE18.2对营收+15.2%,PEG约1.19合理。全球份额领先+海外需求,低估值高回报,PASS。"
605117.SH,德业股份,大市值,电气设备,29.5625,43.4448,41.4468,26.6187,47.1349,1080.0,73.7676,"德业股份(户储逆变器龙头,1080亿):ROE43.4%极高,营收+73.8%海外户储高增,净利26.6%/毛利41.4%优质,PE29.6对增速PEG约0.4低估,负债率47.1%适中。光储逆变器全球龙头,高回报合理估值,PASS。"
605183.SH,确成股份,小盘,化工原料,13.5836,8.4096,26.8414,14.2424,13.645,59.5,2.8792,高分散白炭黑细分龙头，技术+规模壁垒。毛利26.8%/净利14.2%稳健，营收+2.9%平稳。PE13.6x估值便宜，负债率仅13.6%极稳健，冷信息无异常。ROE8.4%偏低但受益轮胎绿色化+半导体磨料新需求，静待盈利改善。综合3.6星，
605305.SH,中际联合,大市值,工程机械,15.144,17.1672,50.4198,29.3384,17.8127,84.9,38.4143,"中际联合(风电高空安全设备龙头,84.9亿):ROE17.2%良好,毛利50.4%/净利29.3%高盈利,负债率17.8%低,营收+38.4%风电景气,PE15.1对增速PEG约0.39低估。细分全球龙头,低估值高回报,PASS。"
605499.SH,东鹏饮料,大市值,软饮料,18.3725,39.684,48.3649,23.0425,45.472,901.6,15.8933,"东鹏饮料(能量饮料,901.6亿):ROE39.7%极高,毛利48.4%/净利23%消费顶级,PE18.4低估,营收+15.9%稳健高增,负债率45.5%适中。东鹏特饮全国化扩张,低估值高回报,PASS。"
688002.SH,睿创微纳,大市值,通信设备,54.8908,27.4364,53.4041,23.7131,36.0722,800.1,71.1241,"睿创微纳(红外探测器龙头,800.1亿):ROE27.4%高,毛利53.4%/净利23.7%优质,营收+71.1%军工+车载红外放量,负债率36.1%适中。PE54.9偏高但PEG约0.77,红外国产龙头,质地支撑,PASS。"
688016.SH,心脉医疗,大市值,医疗保健,19.7293,14.9364,73.1291,41.2186,11.5655,116.1,11.4533,"心脉医疗(主动脉介入龙头,116.1亿):毛利73.1%/净利41.2%器械顶级,负债率11.6%极低,ROE14.9%,PE19.7对营收+11.5%,PEG约1.72中性。主动脉/外周介入国产龙头,低估值高质地,PASS。"
688018.SH,乐鑫科技,大市值,半导体,46.0142,14.5886,49.3178,22.6431,10.2731,262.7,18.881,"乐鑫科技(WiFi MCU龙头,262.7亿):毛利49.3%/净利22.6%芯片优质,负债率10.3%极低,营收+18.9%AIoT景气。PE46对增速偏贵,但全球WiFi MCU份额领先+财务极优,质地支撑,PASS。"
688019.SH,安集科技,大市值,半导体,69.6122,20.4608,55.4642,28.6869,15.6957,572.6,32.7618,"安集科技(CMP抛光液龙头,572.6亿):ROE20.5%高,毛利55.5%/净利28.7%半导体材料顶级,负债率15.7%低,营收+32.8%国产替代。PE69.6偏高但质地与赛道支撑,半导体材料核心标的,PASS。"
688029.SH,南微医学,大市值,医疗保健,25.0822,13.9944,64.0095,17.4203,16.5772,139.4,22.1092,"南微医学(内镜诊疗器械龙头,139.4亿):毛利64%高,负债率16.6%低,营收+22.1%增长,PE25.1对增速PEG约1.14合理,ROE14%中等。内镜微创器械国产龙头,低估值高质地,PASS。"
688059.SH,华锐精密,大市值,机械基件,39.9983,37.012,57.2694,41.8811,32.891,133.0,88.2579,"华锐精密(数控刀具龙头,133亿):ROE37%极高,毛利57.3%/净利41.9%顶级,营收+88.3%国产替代+出海爆发,PE40对增速PEG约0.45低估,负债率32.9%适中。数控刀具核心标的,高回报低估值,PASS。"
688111.SH,金山办公,大市值,软件服务,33.9683,62.7568,86.5937,136.0731,25.1634,1232.7,23.954,"金山办公(WPS+AI办公,1232.7亿):ROE62.8%极高,毛利86.6%软件顶级,营收+23.95%AI办公放量,PE34合理,负债率25.2%低。净利率136%异常疑数据口径问题[数据存疑]。国产办公软件龙头,高回报合理估值,P"
688117.SH,圣诺生物,小盘,生物制药,33.2811,24.3276,59.8683,27.1659,44.0019,59.0,32.5211,"圣诺生物(生物制药/多肽CDMO):PE33.3/市值59亿,ROE年化24.3%极高,毛利59.9%,净利27.2%,负债率44%偏高,营收+32.5%高增.冷信:Q2营收/净利环比-58%~-67%(季节性),无应收存货异常.加权4.2"
688127.SH,蓝特光学,大市值,元器件,57.4743,22.9076,46.5074,28.7607,25.7212,271.7,76.5331,"蓝特光学(光学元件,271.7亿):ROE22.9%高,毛利46.5%/净利28.8%优质,营收+76.5%苹果链+AR放量,负债率25.7%低。PE57.5偏高但PEG约0.75,光学精密元件龙头,PASS。"
688155.SH,先惠技术,小盘,电气设备,17.5602,25.79,30.304,18.6784,54.7707,78.3,98.4072,"先惠技术(电气设备/锂电设备):PE17.6便宜/市值78.3亿,ROE年化25.8%高,毛利30.3%,净利18.7%,负债率54.8%高,营收+98.4%爆发.冷信:经营现金流为负-1.69亿,应收/营收1.28倍,营收环比-66%.加"
688188.SH,柏楚电子,大市值,专用机械,36.3728,20.3168,74.5146,58.2876,5.6248,426.8,10.5344,"柏楚电子(激光切割控制系统龙头,426.8亿):毛利74.5%/净利58.3%软件级盈利,负债率5.6%极低,ROE20.3%,PE36.4对营收+10.5%中性。激光控制系统寡头垄断,高质低负债,质地支撑估值,PASS。"
688208.SH,道通科技,大市值,IT设备,20.0257,19.6684,56.1661,14.1152,48.5476,186.4,18.7806,"道通科技(汽车诊断+充电桩,186.4亿):ROE19.7%良好,毛利56.2%高,营收+18.8%海外增长,PE20对增速PEG约1.07合理,负债率48.5%适中。诊断龙头+充电桩第二曲线,估值合理,PASS。"
688257.SH,新锐股份,大市值,机械基件,45.4658,49.6248,47.0561,29.2077,50.0615,223.8,111.567,"新锐股份(硬质合金刀具,223.8亿):ROE49.6%极高,毛利47.1%/净利29.2%优质,营收+111.6%爆发增长,PE45.5对增速PEG约0.41便宜,负债率50.1%适中。数控刀具+石油钻头双龙头,高回报,PASS。"
688266.SH,泽璟制药,大市值,生物制药,58.5867,91.3996,94.6416,53.0962,51.209,322.1,220.8781,"泽璟制药(创新药,322.1亿):营收+220.9%多纳非尼放量爆发,ROE91.4%极高,毛利94.6%/净利53.1%创新药顶级,PE58.6对增速PEG约0.27。创新药管线兑现期,高成长支撑估值,PASS。"
688278.SH,特宝生物,大市值,生物制药,22.5358,18.5872,89.4539,20.6187,18.6634,228.4,18.4818,"特宝生物(长效干扰素龙头,228.4亿):毛利89.5%/净利20.6%生物药顶级,负债率18.7%低,ROE18.6%,PE22.5对营收+18.5%,PEG约1.22合理。乙肝长效干扰素独家品种,低估值高质地,PASS。"
688334.SH,西高院,小盘,电气设备,22.9388,9.0268,56.9343,35.2789,16.5215,57.8,5.6393,电气设备检测服务(国家级机构)，毛利率56.9%/净利率35.3%双高，负债率16.5%极低，营收增速5.6%；PE_TTM22.9合理，冷信息无应收/存货风险(环比下滑为检测行业项目制季节性)；资质壁垒+盈利质量+财务稳健，加权约3.75
688578.SH,艾力斯,大市值,化学制药,21.8025,34.318,94.9117,40.1599,9.8153,526.5,44.1927,肺癌靶向药（伏美替尼三代EGFR-TKI，国产创新药标杆）：PE21.8/市值527亿/ROE34.3%极高/毛利94.9%净利率40.2%/负债率9.8%极低。营收增速44.2%，PEG仅0.49严重低估，今日+5.66%。创新药最优秀基
688580.SH,伟思医疗,小盘,医疗保健,28.7845,14.284,66.1569,58.0659,5.77,47.9,10.5592,康复医疗器械商（精神/盆底康复设备），毛利66.2%/净利58.1%极优秀，ROE14.3%，营收+10.6%稳健。负债率仅5.8%极稳健。PE28.8x合理，冷信息无异常。老龄化+康复医疗渗透率提升驱动长期需求，二类器械注册壁垒，综合4.
688617.SH,惠泰医疗,大市值,医疗保健,34.0386,30.3,72.4263,32.0649,12.3422,295.1,24.7754,电生理/血管介入龙头（迈瑞医疗控股）：PE34/市值295亿/ROE30.3%极高/毛利72.4%/净利率32.1%/负债率12.3%低。营收增速24.8%，PEG约1.37合理。国产电生理替代龙头，ROE极高+毛利高+低负债+迈瑞赋能渠道
688628.SH,优利德,小盘,电器仪表,45.6258,22.2924,46.4883,18.1991,23.5169,77.0,26.9793,测试测量仪器商（万用表/示波器等），ROE22.3%优秀，毛利46.5%/净利18.2%稳健，营收+27.0%成长明确，受益国产替代。PE45.6x偏高但PEG~1.7尚可。负债率23.5%健康。冷信息营收环比-67.6%/净利环比-52.
688633.SH,星球石墨,小盘,专用机械,18.271,16.624,52.0031,29.4157,42.8097,41.2,94.2197,石墨设备(化工防腐，细分龙头)，ROE16.6%(年化)，毛利率52%/净利率29.4%双高，营收增速94.2%高增长；PE_TTM18.3低估，冷信息无应收/存货异常(环比下滑为项目型设备季节性)，股东户数持续集中；高盈利+高增长+低估值
920037.BJ,广信科技,小盘,电气设备,24.9037,26.042,38.9482,24.8981,18.314,52.6,29.6446,"北交所绝缘材料股。质量优:ROE 26%,净利24.9%,PE 24.9不贵,负债率18.3%低,营收+29.6%,冷信息无异常,加权3.93过PASS线;北交所流动性为唯一瑕疵,盈利与成长匹配好PASS"
920038.BJ,森合高科,小盘,化工原料,17.5592,28.9448,47.9119,32.5104,13.4004,47.8,0.674,化工原料(黄金冶炼助剂)，ROE28.9%(年化)极高，毛利率47.9%/净利率32.5%双高，负债率13.4%极低；PE_TTM17.6低估，冷信息无显著突变；营收增速0.7%停滞是唯一短板，但盈利质量与财务稳健极优，加权约4.3分，PA
920176.BJ,维琪科技,小盘,化工原料,52.4535,15.8028,67.9572,36.4366,10.5173,47.7,2.2435,"维琪科技(多肽原料/美容肽):PE52.5贵/市值47.7亿,ROE年化15.8%,毛利68%极高,净利36.4%极高,负债率10.5%极低,营收+2.2%停滞.冷信:Q2营收/净利/现金流环比-74%~-90%(季节性).加权3.8星PA"
920258.BJ,聚仁新材,小盘,化工原料,44.5348,22.9618,39.7009,25.3558,11.2185,54.2,24.5786,"聚仁新材(化工原料/北交所):PE44.5偏高/市值54.2亿,ROE年化23%高,毛利39.7%,净利25.4%高,负债率11.2%极低,营收+24.6%高增.冷信:存货激增70.5%(或为备货),应收-37.6%.加权4.0星PASS:"
920509.BJ,同惠电子,小盘,电器仪表,46.6458,12.1992,58.877,25.7831,10.4513,32.9,12.8851,电子测量仪器商（国产替代受益），毛利58.9%/净利25.8%优秀，ROE12.2%，营收+12.9%稳健。负债率仅10.5%极稳健，冷信息无异常。PE46.6x偏高但净利仅1145万基数小。仪器行业技术壁垒+国产替代空间，综合3.6星，P
920735.BJ,德源药业,小盘,化学制药,13.0359,16.9352,83.0024,18.8705,20.4381,32.1,15.3246,"北交所糖尿病药股。质量优:毛利83%极高,ROE 16.9%,净利18.9%,PE 13便宜,负债率20.4%低,营收+15.3%,冷信息无异常,加权3.93过PASS线;高毛利高回报低估值匹配好PASS"
920946.BJ,森萱医药,小盘,化学制药,26.986,14.5924,51.7321,31.2705,6.5063,40.3,27.6664,原料药/医药中间体商，GMP+品种壁垒。毛利51.7%/净利31.3%优秀，ROE14.6%，营收+27.7%成长明确。负债率仅6.5%极稳健。PE27.0x合理。冷信息无异常。原料药受益全球供应链转移+特色品种放量，综合4.0星，PASS
